player_id,player_name,season,team_tier
201142,Kevin Durant,2010,1
2544,LeBron James,2010,1
977,Kobe Bryant,2010,1
2548,Dwyane Wade,2010,1
2730,Dwight Howard,2010,1
2546,Carmelo Anthony,2010,2
1717,Dirk Nowitzki,2010,2
959,Steve Nash,2010,2
101114,Deron Williams,2010,2
2405,Amar'e Stoudemire,2010,2
1495,Tim Duncan,2010,3
2200,Pau Gasol,2010,3
2207,Joe Johnson,2010,3
200750,Brandon Roy,2010,3
101106,Andrew Bogut,2010,3
201142,Kevin Durant,2011,1
2544,LeBron James,2011,1
977,Kobe Bryant,2011,1
201565,Derrick Rose,2011,1
2730,Dwight Howard,2011,1
2200,Pau Gasol,2011,2
1717,Dirk Nowitzki,2011,2
2548,Dwyane Wade,2011,2
201566,Russell Westbrook,2011,2
2405,Amar'e Stoudemire,2011,2
200746,LaMarcus Aldridge,2011,3
2216,Zach Randolph,2011,3
1938,Manu Ginobili,2011,3
101108,Chris Paul,2011,3
201143,Al Horford,2011,3
2544,LeBron James,2012,1
201142,Kevin Durant,2012,1
2730,Dwight Howard,2012,1
977,Kobe Bryant,2012,1
101108,Chris Paul,2012,1
201567,Kevin Love,2012,2
201933,Blake Griffin,2012,2
101115,Andrew Bynum,2012,2
2225,Tony Parker,2012,2
201566,Russell Westbrook,2012,2
2546,Carmelo Anthony,2012,3
1717,Dirk Nowitzki,2012,3
2199,Tyson Chandler,2012,3
2548,Dwyane Wade,2012,3
200765,Rajon Rondo,2012,3
2544,LeBron James,2013,1
201142,Kevin Durant,2013,1
977,Kobe Bryant,2013,1
101108,Chris Paul,2013,1
1495,Tim Duncan,2013,1
2546,Carmelo Anthony,2013,2
201933,Blake Griffin,2013,2
2225,Tony Parker,2013,2
201566,Russell Westbrook,2013,2
201188,Marc Gasol,2013,2
101135,David Lee,2013,3
202331,Paul George,2013,3
2548,Dwyane Wade,2013,3
201935,James Harden,2013,3
2730,Dwight Howard,2013,3
201142,Kevin Durant,2014,1
2544,LeBron James,2014,1
201149,Joakim Noah,2014,1
201935,James Harden,2014,1
101108,Chris Paul,2014,1
201933,Blake Griffin,2014,2
201567,Kevin Love,2014,2
2730,Dwight Howard,2014,2
201939,Stephen Curry,2014,2
2225,Tony Parker,2014,2
202331,Paul George,2014,3
200746,LaMarcus Aldridge,2014,3
2744,Al Jefferson,2014,3
201609,Goran Dragic,2014,3
203081,Damian Lillard,2014,3
2544,LeBron James,2015,1
203076,Anthony Davis,2015,1
201188,Marc Gasol,2015,1
201939,Stephen Curry,2015,1
201935,James Harden,2015,1
200746,LaMarcus Aldridge,2015,2
202326,DeMarcus Cousins,2015,2
2200,Pau Gasol,2015,2
201566,Russell Westbrook,2015,2
101108,Chris Paul,2015,2
201933,Blake Griffin,2015,3
1495,Tim Duncan,2015,3
201599,DeAndre Jordan,2015,3
202691,Klay Thompson,2015,3
202681,Kyrie Irving,2015,3
2544,LeBron James,2016,1
202695,Kawhi Leonard,2016,1
201599,DeAndre Jordan,2016,1
201939,Stephen Curry,2016,1
201566,Russell Westbrook,2016,1
201142,Kevin Durant,2016,2
203110,Draymond Green,2016,2
202326,DeMarcus Cousins,2016,2
101108,Chris Paul,2016,2
203081,Damian Lillard,2016,2
202331,Paul George,2016,3
200746,LaMarcus Aldridge,2016,3
203083,Andre Drummond,2016,3
202691,Klay Thompson,2016,3
200768,Kyle Lowry,2016,3
2544,LeBron James,2017,1
202695,Kawhi Leonard,2017,1
203076,Anthony Davis,2017,1
201935,James Harden,2017,1
201566,Russell Westbrook,2017,1
203507,Giannis Antetokounmpo,2017,2
201142,Kevin Durant,2017,2
203497,Rudy Gobert,2017,2
201939,Stephen Curry,2017,2
202738,Isaiah Thomas,2017,2
203110,Draymond Green,2017,3
202710,Jimmy Butler III,2017,3
201599,DeAndre Jordan,2017,3
202322,John Wall,2017,3
201942,DeMar DeRozan,2017,3
203076,Anthony Davis,2018,1
201142,Kevin Durant,2018,1
201935,James Harden,2018,1
2544,LeBron James,2018,1
203081,Damian Lillard,2018,1
200746,LaMarcus Aldridge,2018,2
203507,Giannis Antetokounmpo,2018,2
201942,DeMar DeRozan,2018,2
203954,Joel Embiid,2018,2
201566,Russell Westbrook,2018,2
202710,Jimmy Butler III,2018,3
201939,Stephen Curry,2018,3
202331,Paul George,2018,3
203506,Victor Oladipo,2018,3
1626157,Karl-Anthony Towns,2018,3
203999,Nikola Jokić,2019,1
203507,Giannis Antetokounmpo,2019,1
201935,James Harden,2019,1
201939,Stephen Curry,2019,1
202331,Paul George,2019,1
203954,Joel Embiid,2019,2
201142,Kevin Durant,2019,2
203081,Damian Lillard,2019,2
202695,Kawhi Leonard,2019,2
202681,Kyrie Irving,2019,2
201566,Russell Westbrook,2019,3
201933,Blake Griffin,2019,3
2544,LeBron James,2019,3
203497,Rudy Gobert,2019,3
202689,Kemba Walker,2019,3
203507,Giannis Antetokounmpo,2020,1
2544,LeBron James,2020,1
201935,James Harden,2020,1
203076,Anthony Davis,2020,1
1629029,Luka Dončić,2020,1
202695,Kawhi Leonard,2020,2
203999,Nikola Jokić,2020,2
203081,Damian Lillard,2020,2
101108,Chris Paul,2020,2
1627783,Pascal Siakam,2020,2
1628369,Jayson Tatum,2020,3
202710,Jimmy Butler III,2020,3
203497,Rudy Gobert,2020,3
1627732,Ben Simmons,2020,3
201566,Russell Westbrook,2020,3
203507,Giannis Antetokounmpo,2021,1
201939,Stephen Curry,2021,1
1629029,Luka Dončić,2021,1
203999,Nikola Jokić,2021,1
202695,Kawhi Leonard,2021,1
203081,Damian Lillard,2021,2
203954,Joel Embiid,2021,2
101108,Chris Paul,2021,2
203944,Julius Randle,2021,2
2544,LeBron James,2021,2
203078,Bradley Beal,2021,3
202710,Jimmy Butler III,2021,3
202331,Paul George,2021,3
203497,Rudy Gobert,2021,3
202681,Kyrie Irving,2021,3
1626164,Devin Booker,2022,1
1629029,Luka Dončić,2022,1
1628369,Jayson Tatum,2022,1
203507,Giannis Antetokounmpo,2022,1
203999,Nikola Jokić,2022,1
201939,Stephen Curry,2022,2
201942,DeMar DeRozan,2022,2
201142,Kevin Durant,2022,2
203954,Joel Embiid,2022,2
1629630,Ja Morant,2022,2
2544,LeBron James,2022,3
101108,Chris Paul,2022,3
1627783,Pascal Siakam,2022,3
1626157,Karl-Anthony Towns,2022,3
1629027,Trae Young,2022,3
203507,Giannis Antetokounmpo,2023,1
1629029,Luka Dončić,2023,1
203954,Joel Embiid,2023,1
1628983,Shai Gilgeous-Alexander,2023,1
1628369,Jayson Tatum,2023,1
1627759,Jaylen Brown,2023,2
202710,Jimmy Butler III,2023,2
201939,Stephen Curry,2023,2
203999,Nikola Jokić,2023,2
1628378,Donovan Mitchell,2023,2
1628368,De'Aaron Fox,2023,3
2544,LeBron James,2023,3
203081,Damian Lillard,2023,3
203944,Julius Randle,2023,3
1627734,Domantas Sabonis,2023,3
203507,Giannis Antetokounmpo,2024,1
1629029,Luka Dončić,2024,1
1628983,Shai Gilgeous-Alexander,2024,1
203999,Nikola Jokić,2024,1
1628369,Jayson Tatum,2024,1
1628973,Jalen Brunson,2024,2
203076,Anthony Davis,2024,2
201142,Kevin Durant,2024,2
1630162,Anthony Edwards,2024,2
202695,Kawhi Leonard,2024,2
201939,Stephen Curry,2024,3
1630169,Tyrese Haliburton,2024,3
2544,LeBron James,2024,3
1627734,Domantas Sabonis,2024,3
1626164,Devin Booker,2024,3
203507,Giannis Antetokounmpo,2025,1
1628983,Shai Gilgeous-Alexander,2025,1
203999,Nikola Jokić,2025,1
1628369,Jayson Tatum,2025,1
1628378,Donovan Mitchell,2025,1
1630162,Anthony Edwards,2025,2
2544,LeBron James,2025,2
201939,Stephen Curry,2025,2
1630596,Evan Mobley,2025,2
1628973,Jalen Brunson,2025,2
1630595,Cade Cunningham,2025,3
1626157,Karl-Anthony Towns,2025,3
1630169,Tyrese Haliburton,2025,3
1631114,Jalen Williams,2025,3
201935,James Harden,2025,3
1630595,Cade Cunningham,2026,1
1629029,Luka Dončić,2026,1
1628983,Shai Gilgeous-Alexander,2026,1
203999,Nikola Jokić,2026,1
1641705,Victor Wembanyama,2026,1
1627759,Jaylen Brown,2026,2
1628973,Jalen Brunson,2026,2
201142,Kevin Durant,2026,2
202695,Kawhi Leonard,2026,2
1628378,Donovan Mitchell,2026,2
1630178,Tyrese Maxey,2026,3
1627750,Jamal Murray,2026,3
1630552,Jalen Johnson,2026,3
1631096,Chet Holmgren,2026,3
1631105,Jalen Duren,2026,3
