DPOY_SEASON,PLAYER_NAME,PLAYER_ID,TEAM_ABBREVIATION,PLAYER_AGE,GP,MIN,PTS,REB,AST,STL,BLK,TOV,FG_PCT,FG3_PCT,FT_PCT,W_PCT,PLUS_MINUS,TS_PCT,USG_PCT,OFF_RATING,DEF_RATING,NET_RATING,AST_PCT,REB_PCT,ADV_OFF_RATING,ADV_DEF_RATING,ADV_NET_RATING,ADV_AST_PCT,ADV_AST_TO,ADV_AST_RATIO,ADV_OREB_PCT,ADV_DREB_PCT,ADV_REB_PCT,ADV_EFG_PCT,ADV_TS_PCT,ADV_USG_PCT,ADV_PACE,ADV_PIE,ADV_TM_TOV_PCT
2009-10,Dwight Howard,2730,ORL,24,82,34.7,18.3,13.2,1.8,0.9,2.8,3.3,0.612,0.0,0.592,0.72,7.6,0.63,0.241,112.2,100.9,11.3,0.087,0.199,112.2,100.9,11.3,0.087,0.53,8.9,0.11,0.28,0.199,0.612,0.63,0.241,92.34,0.167,16.9
2010-11,Dwight Howard,2730,ORL,25,78,37.6,22.9,14.1,1.4,1.4,2.4,3.6,0.593,0.0,0.596,0.654,6.4,0.616,0.272,109.0,100.6,8.4,0.067,0.193,109.0,100.6,8.4,0.067,0.38,5.8,0.113,0.268,0.193,0.593,0.616,0.272,91.89,0.184,15.1
2011-12,Tyson Chandler,2199,NYK,29,62,33.2,11.3,9.9,0.9,0.9,1.4,1.6,0.679,0.0,0.689,0.548,2.0,0.708,0.129,102.4,99.2,3.2,0.044,0.151,102.4,99.2,3.2,0.044,0.55,8.5,0.105,0.196,0.151,0.679,0.708,0.129,94.24,0.136,15.6
2012-13,Marc Gasol,201188,MEM,28,80,35.0,14.1,7.8,4.0,1.0,1.7,2.0,0.494,0.071,0.848,0.688,5.4,0.559,0.192,104.5,96.3,8.2,0.19,0.117,104.5,96.3,8.2,0.19,2.03,21.4,0.069,0.166,0.117,0.494,0.559,0.192,89.23,0.146,10.5
2013-14,Joakim Noah,201149,CHI,29,80,35.2,12.6,11.3,5.4,1.2,1.5,2.4,0.475,0.0,0.737,0.6,2.9,0.531,0.185,103.5,99.1,4.4,0.258,0.161,103.5,99.1,4.4,0.258,2.22,27.3,0.102,0.221,0.161,0.475,0.531,0.185,90.9,0.156,12.3
2014-15,Kawhi Leonard,202695,SAS,24,64,31.8,16.5,7.2,2.5,2.3,0.8,1.5,0.479,0.349,0.802,0.719,6.9,0.567,0.227,109.7,98.3,11.4,0.124,0.115,109.7,98.3,11.4,0.124,1.66,13.5,0.044,0.181,0.115,0.52,0.567,0.227,95.37,0.148,8.1
2015-16,Kawhi Leonard,202695,SAS,25,72,33.0,21.2,6.8,2.6,1.8,1.0,1.5,0.506,0.443,0.874,0.833,9.1,0.616,0.252,110.0,95.9,14.1,0.128,0.106,110.0,95.9,14.1,0.128,1.77,12.3,0.042,0.164,0.106,0.565,0.616,0.252,94.95,0.17,6.9
2016-17,Draymond Green,203110,GSW,27,76,32.5,10.2,7.9,7.0,2.0,1.4,2.4,0.418,0.308,0.709,0.816,10.8,0.522,0.159,116.2,100.9,15.3,0.272,0.117,116.2,100.9,15.3,0.272,2.9,36.3,0.041,0.183,0.117,0.481,0.522,0.159,102.08,0.117,12.5
2017-18,Rudy Gobert,203497,UTA,26,56,32.4,13.5,10.7,1.4,0.8,2.3,1.9,0.622,0.0,0.682,0.661,6.1,0.657,0.163,107.7,98.3,9.4,0.068,0.165,107.7,98.3,9.4,0.068,0.75,10.5,0.093,0.234,0.165,0.622,0.657,0.163,97.87,0.147,14.1
2018-19,Rudy Gobert,203497,UTA,27,81,31.8,15.9,12.9,2.0,0.8,2.3,1.6,0.669,0.0,0.636,0.617,4.7,0.682,0.175,110.5,103.6,6.9,0.095,0.194,110.5,103.6,6.9,0.095,1.24,13.0,0.117,0.27,0.194,0.669,0.682,0.175,101.23,0.17,10.5
2019-20,Giannis Antetokounmpo,203507,MIL,25,63,30.4,29.5,13.6,5.6,1.0,1.0,3.7,0.553,0.304,0.633,0.81,10.8,0.613,0.363,112.8,97.4,15.4,0.328,0.196,112.8,97.4,15.4,0.328,1.54,17.0,0.068,0.307,0.196,0.589,0.613,0.363,107.47,0.239,11.0
2020-21,Rudy Gobert,203497,UTA,29,71,30.8,14.3,13.5,1.3,0.6,2.7,1.7,0.675,0.0,0.623,0.732,10.3,0.683,0.166,116.8,100.9,15.9,0.059,0.205,116.8,100.9,15.9,0.059,0.75,9.4,0.11,0.288,0.205,0.675,0.683,0.166,101.32,0.165,12.4
2021-22,Marcus Smart,203935,BOS,28,71,32.3,12.1,3.8,5.9,1.7,0.3,2.2,0.418,0.331,0.793,0.662,6.2,0.54,0.179,114.5,105.2,9.3,0.245,0.057,114.5,105.2,9.3,0.245,2.62,30.4,0.018,0.093,0.057,0.501,0.54,0.179,99.02,0.095,11.6
2022-23,Jaren Jackson Jr.,1628991,MEM,23,63,28.4,18.6,6.8,1.0,1.0,3.0,1.7,0.506,0.355,0.788,0.651,5.8,0.613,0.243,116.4,106.6,9.8,0.048,0.11,116.4,106.6,9.8,0.048,0.56,5.3,0.058,0.159,0.11,0.567,0.613,0.243,103.3,0.125,9.5
2023-24,Rudy Gobert,203497,MIN,32,76,34.1,14.0,12.9,1.3,0.7,2.1,1.6,0.661,0.0,0.638,0.697,5.4,0.675,0.152,114.6,106.6,8.0,0.057,0.191,114.6,106.6,8.0,0.057,0.86,10.1,0.118,0.256,0.191,0.661,0.675,0.152,97.22,0.136,11.7
