MVP_SEASON,PLAYER_NAME,PLAYER_ID,TEAM_ABBREVIATION,PLAYER_AGE,GP,GS,MIN,FGM,FGA,FG_PCT,FG3M,FG3A,FG3_PCT,FTM,FTA,FT_PCT,OREB,DREB,REB,AST,STL,BLK,TOV,PF,PTS,ADV_OFF_RATING,ADV_DEF_RATING,ADV_NET_RATING,ADV_AST_PCT,ADV_AST_TO,ADV_AST_RATIO,ADV_OREB_PCT,ADV_DREB_PCT,ADV_REB_PCT,ADV_EFG_PCT,ADV_TS_PCT,ADV_USG_PCT,ADV_PACE,ADV_PIE,ADV_TM_TOV_PCT,TEAM_FULL_NAME,TEAM_CONFERENCE,TEAM_DIVISION,TEAM_WINS,TEAM_LOSSES,TEAM_WIN_PCT,TEAM_CONF_SEED,TEAM_CONF_RECORD,TEAM_DIV_RANK,TEAM_PPG,TEAM_OPP_PPG,TEAM_DIFF_PPG
2009-10,LeBron James,2544,CLE,25.0,76,76,39.0,10.1,20.1,0.503,1.7,5.1,0.333,7.8,10.2,0.767,0.9,6.4,7.3,8.6,1.6,1.0,3.4,1.6,29.7,114.0,103.0,11.0,0.398,2.49,23.5,0.027,0.165,0.099,0.545,0.604,0.328,92.57,0.218,9.4,Cleveland Cavaliers,East,Central,61,21,0.744,1,38-14,1,102.0,96.0,7.0
2010-11,Derrick Rose,201565,CHI,22.0,81,81,37.4,8.8,19.7,0.445,1.6,4.8,0.332,5.9,6.9,0.858,1.0,3.1,4.1,7.7,1.0,0.6,3.4,1.7,25.0,109.1,100.7,8.5,0.372,2.24,22.8,0.028,0.082,0.056,0.485,0.55,0.314,92.07,0.165,10.2,Chicago Bulls,East,Central,62,20,0.756,1,39-13,1,99.0,91.0,7.0
2011-12,LeBron James,2544,MIA,27.0,62,62,37.5,10.0,18.9,0.531,0.9,2.4,0.362,6.2,8.1,0.771,1.5,6.4,7.9,6.2,1.9,0.8,3.4,1.5,27.1,108.6,98.4,10.2,0.318,1.82,19.5,0.044,0.171,0.111,0.554,0.605,0.311,93.41,0.22,10.7,Miami Heat,East,Southeast,46,20,0.697,2,35-13,1,98.0,93.0,6.0
2012-13,LeBron James,2544,MIA,28.0,76,76,37.9,10.1,17.8,0.565,1.4,3.3,0.406,5.3,7.0,0.753,1.3,6.8,8.0,7.3,1.7,0.9,3.0,1.4,26.8,114.2,101.9,12.3,0.344,2.44,23.3,0.039,0.18,0.115,0.603,0.64,0.294,92.28,0.221,9.6,Miami Heat,East,Southeast,66,16,0.805,1,41-11,1,103.0,95.0,8.0
2013-14,Kevin Durant,201142,OKC,25.0,81,81,38.5,10.5,20.8,0.503,2.4,6.1,0.391,8.7,9.9,0.873,0.7,6.7,7.4,5.5,1.3,0.7,3.5,2.1,32.0,111.4,103.3,8.1,0.259,1.56,16.2,0.02,0.164,0.096,0.56,0.635,0.322,97.54,0.206,10.3,Oklahoma City Thunder,West,Northwest,59,23,0.72,2,36-16,1,106.0,100.0,6.0
2014-15,Stephen Curry,201939,GSW,27.0,80,80,32.7,8.2,16.8,0.487,3.6,8.1,0.443,3.9,4.2,0.914,0.7,3.6,4.3,7.7,2.0,0.2,3.1,2.0,23.8,114.7,98.5,16.3,0.358,2.49,26.4,0.022,0.1,0.063,0.594,0.638,0.277,101.47,0.178,10.6,Golden State Warriors,West,Pacific,67,15,0.817,1,42-10,1,110.0,100.0,10.0
2015-16,Stephen Curry,201939,GSW,28.0,79,79,34.2,10.2,20.2,0.504,5.1,11.2,0.454,4.6,5.1,0.908,0.9,4.6,5.4,6.7,2.1,0.2,3.3,2.0,30.1,117.5,99.8,17.7,0.315,2.01,20.7,0.026,0.117,0.076,0.63,0.669,0.314,102.75,0.197,10.3,Golden State Warriors,West,Pacific,73,9,0.89,1,46-6,1,115.0,104.0,11.0
2016-17,Russell Westbrook,201566,OKC,28.0,81,81,34.6,10.2,24.0,0.425,2.5,7.2,0.343,8.8,10.4,0.845,1.7,9.0,10.7,10.4,1.6,0.4,5.4,2.3,31.6,110.6,106.1,4.5,0.543,1.92,23.5,0.046,0.251,0.147,0.476,0.554,0.402,100.39,0.23,12.3,Oklahoma City Thunder,West,Northwest,47,35,0.573,6,29-23,2,107.0,106.0,1.0
2017-18,James Harden,201935,HOU,28.0,72,72,35.4,9.0,20.1,0.449,3.7,10.0,0.367,8.7,10.1,0.858,0.6,4.8,5.4,8.8,1.8,0.7,4.4,2.3,30.4,116.2,106.2,10.0,0.449,2.0,23.4,0.017,0.137,0.078,0.541,0.619,0.353,98.29,0.194,11.7,Houston Rockets,West,Southwest,65,17,0.793,1,41-11,1,112.0,104.0,8.0
2018-19,Giannis Antetokounmpo,203507,MIL,24.0,72,72,32.8,10.0,17.3,0.578,0.7,2.8,0.256,6.9,9.5,0.729,2.2,10.3,12.5,5.9,1.3,1.5,3.7,3.2,27.7,114.3,101.8,12.5,0.294,1.58,19.0,0.066,0.273,0.176,0.599,0.644,0.314,105.27,0.218,12.0,Milwaukee Bucks,East,Central,60,22,0.732,1,40-12,1,118.0,109.0,9.0
2019-20,Giannis Antetokounmpo,203507,MIL,25.0,63,63,30.4,10.9,19.7,0.553,1.4,4.7,0.304,6.3,10.0,0.633,2.2,11.4,13.6,5.6,1.0,1.0,3.7,3.1,29.5,112.8,97.4,15.4,0.328,1.54,17.0,0.068,0.307,0.196,0.589,0.613,0.363,107.47,0.239,11.0,Milwaukee Bucks,East,Central,56,17,0.767,1,37-7,1,119.0,109.0,10.0
2020-21,Nikola Jokic,203999,DEN,26.0,72,72,34.6,10.2,18.0,0.566,1.3,3.3,0.388,4.8,5.5,0.868,2.8,8.0,10.8,8.3,1.3,0.7,3.1,2.7,26.4,120.2,112.6,7.7,0.377,2.7,26.2,0.087,0.237,0.163,0.602,0.647,0.293,98.15,0.201,9.7,Denver Nuggets,West,Northwest,47,25,0.653,3,26-16,2,115.0,110.0,5.0
2021-22,Nikola Jokic,203999,DEN,27.0,74,74,33.5,10.3,17.7,0.583,1.3,3.9,0.337,5.1,6.3,0.81,2.8,11.0,13.8,7.9,1.5,0.9,3.8,2.6,27.1,117.3,108.9,8.4,0.388,2.08,24.8,0.09,0.313,0.209,0.62,0.661,0.309,99.46,0.23,11.9,Denver Nuggets,West,Northwest,48,34,0.585,6,29-23,2,113.0,110.0,2.0
2022-23,Joel Embiid,203954,PHI,29.0,66,66,34.6,11.0,20.1,0.548,1.0,3.0,0.33,10.0,11.7,0.857,1.7,8.4,10.2,4.2,1.0,1.7,3.4,3.1,33.1,119.0,110.2,8.8,0.233,1.21,12.7,0.057,0.243,0.157,0.573,0.655,0.37,97.34,0.213,10.5,Philadelphia 76ers,East,Atlantic,54,28,0.659,3,34-18,2,115.0,111.0,4.0
2023-24,Nikola Jokic,203999,DEN,29.0,79,79,34.6,10.4,17.9,0.583,1.1,2.9,0.359,4.5,5.5,0.817,2.8,9.5,12.4,9.0,1.4,0.9,3.0,2.5,26.4,122.4,110.6,11.8,0.391,2.99,27.9,0.086,0.27,0.182,0.612,0.65,0.288,98.05,0.211,9.3,Denver Nuggets,West,Northwest,57,25,0.695,2,33-19,2,115.0,110.0,5.0
