player_id,player_name,season,pts,ts_pct,usg_pct,net_rating,min,age,roy_label
1641798,Jaylen Martin,2025,4.9,0.497,0.155,-27.1,14.9,21,0
1641730,Noah Clowney,2024,5.8,0.626,0.137,-6.9,16.1,19,0
203503,Tony Snell,2014,4.5,0.489,0.146,-4.7,16.0,22,0
202722,Davis Bertans,2017,4.5,0.609,0.148,5.6,12.1,24,0
1630219,Skylar Mays,2021,3.8,0.569,0.186,1.4,8.2,23,0
1643047,CJ Huntley,2026,3.0,0.545,0.107,17.6,10.1,24,0
1642907,Cedric Coward,2026,13.6,0.585,0.207,0.3,25.8,22,0
1642935,Chucky Hepburn,2026,0.0,0.0,0.219,-47.6,6.6,23,0
1642490,Josh Oduro,2026,8.3,0.636,0.09,3.2,27.3,25,0
202329,Al-Farouq Aminu,2011,5.6,0.499,0.168,-6.4,17.9,20,0
202356,Armon Johnson,2011,2.9,0.497,0.228,-1.7,7.3,22,0
202386,Ben Uzoh,2011,3.8,0.468,0.199,-8.2,10.4,23,0
201933,Blake Griffin,2011,22.5,0.549,0.27,-2.2,37.9,22,1
201963,Christian Eyenga,2011,6.9,0.476,0.169,-10.7,21.5,22,0
202345,Damion James,2011,4.4,0.477,0.154,-2.8,16.1,23,0
202326,DeMarcus Cousins,2011,14.1,0.484,0.27,-6.3,28.5,20,0
202382,Derrick Caracter,2011,2.0,0.532,0.186,-11.8,5.2,23,0
202324,Derrick Favors,2011,6.8,0.542,0.168,-6.7,19.7,19,0
202334,Ed Davis,2011,7.7,0.583,0.131,-9.8,24.6,22,0
202327,Ekpe Udoh,2011,4.1,0.472,0.128,6.1,17.8,24,0
202339,Eric Bledsoe,2011,6.7,0.499,0.175,-6.4,22.7,21,0
202323,Evan Turner,2011,7.2,0.484,0.164,-1.2,23.0,22,0
201814,Gary Forbes,2011,5.2,0.524,0.188,-1.9,12.6,26,0
202390,Gary Neal,2011,9.8,0.578,0.2,2.2,21.1,26,0
202330,Gordon Hayward,2011,5.4,0.578,0.149,-8.0,16.9,21,0
202328,Greg Monroe,2011,9.4,0.575,0.153,-2.5,27.8,21,0
202349,Greivis Vasquez,2011,3.6,0.493,0.164,-4.2,12.3,24,0
202397,Ish Smith,2011,2.3,0.406,0.155,-5.8,10.3,22,0
202341,James Anderson,2011,3.6,0.529,0.16,-7.5,11.0,22,0
202379,Jeremy Evans,2011,3.6,0.678,0.144,-1.9,9.4,23,0
202391,Jeremy Lin,2011,2.6,0.458,0.151,2.5,9.8,22,0
202322,John Wall,2011,16.4,0.494,0.233,-8.8,37.8,20,0
202348,Jordan Crawford,2011,11.7,0.456,0.258,-10.9,24.4,22,0
202338,Kevin Seraphin,2011,2.7,0.479,0.132,-14.9,10.9,21,0
202361,Landry Fields,2011,9.7,0.598,0.134,1.6,31.0,23,0
202336,Larry Sanders,2011,4.3,0.448,0.172,-8.2,14.5,22,0
202351,Lazar Hayward,2011,3.8,0.464,0.183,-12.9,10.0,24,0
202376,Luke Harangody,2011,3.9,0.444,0.165,-5.6,13.1,23,0
202412,Manny Harris,2011,5.9,0.486,0.186,-13.0,17.3,21,0
201593,Nikola Pekovic,2011,5.5,0.573,0.193,-10.8,13.7,25,0
201600,Omer Asik,2011,2.8,0.559,0.123,13.1,12.1,24,0
202335,Patrick Patterson,2011,6.3,0.574,0.16,0.3,16.7,22,0
202331,Paul George,2011,7.8,0.542,0.172,0.0,20.7,21,0
200817,Pooh Jeter,2011,4.1,0.46,0.155,-6.1,13.8,27,0
202347,Quincy Pondexter,2011,2.8,0.482,0.136,-5.6,11.1,23,0
202396,Samardo Samuels,2011,7.8,0.498,0.211,-9.4,19.0,22,0
201623,Semih Erden,2011,4.0,0.593,0.134,-2.0,14.5,24,0
201168,Tiago Splitter,2011,4.6,0.55,0.174,-1.3,12.3,26,0
202389,Timofey Mozgov,2011,3.6,0.523,0.158,-3.0,11.6,24,0
202344,Trevor Booker,2011,5.3,0.582,0.135,-7.4,16.4,23,0
202325,Wesley Johnson,2011,9.0,0.491,0.165,-5.4,26.2,23,0
202333,Xavier Henry,2011,4.3,0.451,0.165,-3.8,13.9,20,0
202220,Zabian Dowdell,2011,5.0,0.457,0.24,-6.8,12.2,26,0
202692,Alec Burks,2012,7.2,0.506,0.212,-1.9,15.9,20,0
202726,Andrew Goudelock,2012,4.4,0.488,0.22,-4.0,10.5,23,0
202687,Bismack Biyombo,2012,5.2,0.48,0.129,-15.8,23.1,19,0
202688,Brandon Knight,2012,12.8,0.511,0.215,-6.2,32.2,20,0
202718,Chandler Parsons,2012,9.5,0.513,0.163,1.9,28.6,23,0
202724,Charles Jenkins,2012,5.8,0.482,0.184,-11.7,17.5,23,0
202698,Chris Singleton,2012,4.6,0.462,0.115,-3.9,21.7,22,0
202809,Cory Higgins,2012,3.9,0.402,0.246,-13.3,11.1,23,0
202709,Cory Joseph,2012,2.0,0.374,0.148,-9.0,9.2,20,0
1642852,Derik Queen,2026,11.7,0.546,0.214,-6.7,25.0,21,0
202682,Derrick Williams,2012,8.8,0.499,0.205,-3.2,21.5,21,0
202388,Donald Sloan,2012,5.5,0.433,0.176,-17.5,20.3,24,0
202734,E'Twaun Moore,2012,2.9,0.474,0.19,3.1,8.7,23,0
202683,Enes Freedom,2012,4.6,0.539,0.164,-8.4,13.2,20,0
201880,Greg Stiemsma,2012,2.9,0.579,0.109,-2.9,13.9,26,0
202970,Gustavo Ayon,2012,5.9,0.552,0.142,-0.5,20.2,27,0
202697,Iman Shumpert,2012,9.5,0.484,0.178,3.7,28.9,22,0
201274,Ivan Johnson,2012,6.4,0.558,0.188,2.9,16.7,28,0
202707,JaJuan Johnson,2012,3.2,0.456,0.216,-6.7,8.3,23,0
202686,Jan Vesely,2012,4.7,0.544,0.125,-3.6,18.9,22,0
202951,Jeremy Pargo,2012,2.9,0.389,0.207,-14.2,9.6,26,0
202719,Jeremy Tyler,2012,4.9,0.442,0.204,-10.0,13.5,21,0
202690,Jimmer Fredette,2012,7.6,0.495,0.203,-9.6,18.6,23,0
202710,Jimmy Butler III,2012,2.6,0.526,0.143,12.2,8.5,22,0
202720,Jon Leuer,2012,4.7,0.536,0.17,1.9,12.1,23,0
202706,Jordan Hamilton,2012,4.4,0.508,0.215,8.0,9.9,21,0
202716,Jordan Williams,2012,4.6,0.544,0.144,2.6,14.8,21,0
202725,Josh Harrellson,2012,4.4,0.505,0.146,9.1,14.6,23,0
202729,Josh Selby,2012,2.3,0.403,0.194,-6.1,8.5,21,0
202695,Kawhi Leonard,2012,7.9,0.573,0.141,5.1,24.0,21,0
202689,Kemba Walker,2012,12.1,0.464,0.249,-14.8,27.2,22,0
202702,Kenneth Faried,2012,10.2,0.618,0.181,0.7,22.5,22,0
202691,Klay Thompson,2012,12.5,0.545,0.243,-4.4,24.4,22,0
202681,Kyrie Irving,2012,18.5,0.566,0.275,-5.6,30.5,20,1
202498,Lance Thomas,2012,4.0,0.541,0.133,-6.5,15.0,24,0
202730,Lavoy Allen,2012,4.1,0.488,0.143,4.2,15.2,23,0
202723,Malcolm Lee,2012,3.3,0.466,0.153,-5.2,12.8,22,0
202705,MarShon Brooks,2012,12.6,0.502,0.224,-10.3,29.4,23,0
202693,Markieff Morris,2012,7.4,0.484,0.199,-2.1,19.5,22,0
202148,Mickell Gladness,2012,2.2,0.436,0.122,-14.6,9.7,25,0
202696,Nikola Vučević,2012,5.5,0.462,0.188,1.4,15.9,21,0
202701,Nolan Smith,2012,3.8,0.434,0.185,-14.9,12.3,23,0
202708,Norris Cole,2012,6.8,0.452,0.212,-1.5,19.4,23,0
202704,Reggie Jackson,2012,3.1,0.408,0.19,0.7,11.1,22,0
201937,Ricky Rubio,2012,10.6,0.476,0.183,2.1,34.2,21,0
202227,Terrel Harris,2012,3.6,0.434,0.168,-8.3,14.5,24,0
202699,Tobias Harris,2012,5.0,0.54,0.2,0.7,11.4,19,0
202684,Tristan Thompson,2012,8.2,0.469,0.189,-11.2,23.7,21,0
201041,Walker Russell,2012,3.0,0.401,0.169,-9.8,12.8,29,0
203144,Alexey Shved,2013,8.6,0.474,0.202,-2.1,23.9,24,0
203083,Andre Drummond,2013,7.9,0.578,0.167,-2.4,20.7,19,0
203094,Andrew Nicholson,2013,7.8,0.557,0.216,-6.4,16.7,23,0
203076,Anthony Davis,2013,13.5,0.559,0.212,-3.8,28.8,20,0
203102,Arnett Moultrie,2013,3.7,0.595,0.135,-7.0,11.5,22,0
203085,Austin Rivers,2013,6.2,0.431,0.169,-5.4,23.2,20,0
203162,Ben Hansbrough,2013,2.0,0.501,0.155,-9.1,7.2,25,0
203108,Bernard James,2013,2.8,0.541,0.129,-1.8,9.9,28,0
203078,Bradley Beal,2013,13.9,0.515,0.218,-2.2,31.2,20,0
203148,Brian Roberts,2013,7.1,0.509,0.212,-8.2,17.0,27,0
203142,Chris Copeland,2013,8.7,0.583,0.25,4.4,15.4,29,0
203081,Damian Lillard,2013,19.0,0.546,0.237,-1.5,38.6,22,1
203121,Darius Miller,2013,2.3,0.529,0.089,-4.0,13.3,23,0
203199,DeQuan Jones,2013,3.7,0.485,0.146,-10.5,12.7,23,0
203079,Dion Waiters,2013,14.7,0.492,0.258,-4.3,28.8,21,0
202700,Donatas Motiejunas,2013,5.7,0.531,0.22,3.8,12.2,22,0
203117,Doron Lamb,2013,3.3,0.433,0.152,-7.0,12.3,21,0
203110,Draymond Green,2013,2.9,0.404,0.135,-0.9,13.4,23,0
203095,Evan Fournier,2013,5.3,0.597,0.198,6.6,11.3,20,0
203105,Festus Ezeli,2013,2.4,0.467,0.106,-0.9,14.4,23,0
203084,Harrison Barnes,2013,9.2,0.526,0.174,2.0,25.4,21,0
203109,Jae Crowder,2013,5.0,0.491,0.146,-0.3,17.3,22,0
203096,Jared Sullinger,2013,6.0,0.534,0.146,3.6,19.8,21,0
203106,Jeffery Taylor,2013,6.1,0.531,0.147,-8.6,19.6,24,0
200777,Joel Freeland,2013,2.6,0.435,0.161,-9.2,9.4,26,0
203089,John Henson,2013,6.0,0.497,0.216,-1.7,13.1,22,0
203098,John Jenkins,2013,6.1,0.576,0.176,-7.4,14.8,22,0
202685,Jonas Valančiūnas,2013,8.9,0.619,0.169,-3.7,23.9,21,0
203088,Kendall Marshall,2013,3.0,0.455,0.131,-13.6,14.6,21,0
203145,Kent Bazemore,2013,2.0,0.454,0.247,1.0,4.4,23,0
203158,Kevin Jones,2013,3.0,0.418,0.155,9.2,10.4,23,0
203114,Khris Middleton,2013,6.1,0.532,0.156,2.3,17.6,21,0
203119,Kim English,2013,2.9,0.477,0.152,-6.5,9.9,24,0
203124,Kyle O'Quinn,2013,4.1,0.535,0.173,-3.8,11.2,23,0
202713,Kyle Singler,2013,8.8,0.517,0.155,-4.1,28.0,25,0
203146,Maalik Wayns,2013,2.8,0.394,0.24,-14.7,7.5,22,0
203104,Marquis Teague,2013,2.1,0.412,0.182,0.3,8.2,20,0
201986,Nando De Colo,2013,3.8,0.53,0.167,-2.1,12.8,26,0
203090,Maurice Harkless,2013,8.2,0.504,0.156,-11.6,26.0,20,0
203086,Meyers Leonard,2013,5.5,0.596,0.137,-7.2,17.5,21,0
203077,Michael Kidd-Gilchrist,2013,9.0,0.506,0.175,-7.2,26.0,19,0
203118,Mike Scott,2013,4.6,0.533,0.226,-5.8,9.4,24,0
203141,Mirza Teletovic,2013,3.5,0.495,0.189,-3.0,9.4,27,0
203111,Orlando Johnson,2013,4.0,0.523,0.161,-0.7,12.1,24,0
203143,Pablo Prigioni,2013,3.5,0.595,0.117,7.3,16.2,36,0
201976,Patrick Beverley,2013,5.6,0.551,0.15,7.9,17.4,24,0
203103,Perry Jones III,2013,2.3,0.417,0.19,-0.5,7.4,21,0
203112,Quincy Acy,2013,4.0,0.632,0.146,14.8,11.8,22,0
203135,Robert Sacre,2013,1.3,0.407,0.127,-14.7,6.4,24,0
203093,Terrence Jones,2013,5.5,0.512,0.173,-2.6,14.5,21,0
203082,Terrence Ross,2013,6.4,0.491,0.191,-2.8,17.0,22,0
203080,Thomas Robinson,2013,4.8,0.451,0.187,-6.7,15.1,22,0
203100,Tony Wroten,2013,2.6,0.461,0.204,-8.9,7.8,20,0
203092,Tyler Zeller,2013,7.9,0.486,0.157,-6.0,26.4,23,0
203116,Tyshawn Taylor,2013,2.2,0.43,0.249,-14.6,5.8,23,0
203139,Viacheslav Kravtsov,2013,3.1,0.618,0.15,-4.4,8.9,25,0
201964,Victor Claver,2013,3.8,0.462,0.137,-6.4,16.6,24,0
203115,Will Barton,2013,4.0,0.437,0.198,-12.1,12.2,22,0
203458,Alex Len,2014,2.0,0.469,0.134,-8.2,8.6,21,0
203460,Andre Roberson,2014,1.9,0.518,0.099,3.2,10.0,22,0
203461,Anthony Bennett,2014,4.2,0.425,0.194,-5.7,12.7,21,0
203462,Archie Goodwin,2014,3.7,0.507,0.185,-7.9,10.2,19,0
203463,Ben McLemore,2014,8.8,0.485,0.166,-4.5,26.7,21,0
203561,Brandon Davies,2014,2.8,0.476,0.136,-2.1,11.3,22,0
203468,CJ McCollum,2014,5.3,0.521,0.201,-2.1,12.5,22,0
203469,Cody Zeller,2014,6.0,0.498,0.178,-3.0,17.3,21,0
203471,Dennis Schröder,2014,3.7,0.442,0.188,-16.6,13.1,20,0
203473,Dewayne Dedmon,2014,3.1,0.5,0.129,-6.7,12.6,24,0
203539,Gal Mekel,2014,2.4,0.4,0.176,-0.8,9.4,26,0
203507,Giannis Antetokounmpo,2014,6.8,0.518,0.148,-4.5,24.6,19,0
203540,Gigi Datome,2014,2.4,0.409,0.198,7.7,7.0,26,0
203476,Gorgui Dieng,2014,4.8,0.534,0.167,-3.5,13.6,24,0
203138,Hollis Thompson,2014,6.0,0.57,0.111,-9.1,22.6,23,0
203477,Isaiah Canaan,2014,4.6,0.506,0.2,-6.6,11.5,23,0
203481,Jeff Withey,2014,3.3,0.59,0.118,2.7,11.8,24,0
203268,Jorge Gutierrez,2014,4.1,0.523,0.136,-8.9,16.3,25,0
203482,Kelly Olynyk,2014,8.7,0.546,0.201,-0.7,20.0,23,0
203484,Kentavious Caldwell-Pope,2014,5.9,0.483,0.136,-1.2,19.8,21,0
1642962,Drake Powell,2026,6.5,0.521,0.149,-16.1,20.9,20,0
203485,Lorenzo Brown,2014,2.5,0.349,0.195,0.8,8.6,23,0
203486,Mason Plumlee,2014,7.4,0.67,0.168,-3.3,18.2,24,0
203521,Matthew Dellavedova,2014,4.7,0.534,0.128,3.7,17.7,23,0
203487,Michael Carter-Williams,2014,16.7,0.48,0.254,-8.2,34.5,22,1
203488,Mike Muscala,2014,3.8,0.48,0.185,-21.7,10.7,22,0
203545,Miroslav Raduljica,2014,3.8,0.603,0.167,-5.2,9.7,26,0
203489,Nate Wolters,2014,7.2,0.486,0.163,-1.0,22.6,23,0
201979,Nick Calathes,2014,4.9,0.506,0.172,1.3,16.5,25,0
203490,Otto Porter Jr.,2014,2.1,0.405,0.146,-2.0,8.6,21,0
203544,Pero Antic,2014,7.0,0.545,0.178,5.0,18.5,31,0
203491,Peyton Siva,2014,2.3,0.425,0.162,-5.1,9.3,23,0
203515,Phil Pressey,2014,2.8,0.39,0.141,-0.4,15.1,23,0
203492,Ray McCallum,2014,6.2,0.439,0.176,-4.8,19.9,23,0
203493,Reggie Bullock Jr.,2014,2.7,0.46,0.149,-1.5,9.2,23,0
203497,Rudy Gobert,2014,2.3,0.507,0.134,-2.0,9.6,22,0
203527,Ryan Kelly,2014,8.0,0.548,0.155,-2.5,22.2,23,0
203498,Shabazz Muhammad,2014,3.9,0.505,0.222,-13.0,7.8,21,0
203499,Shane Larkin,2014,2.8,0.446,0.166,6.2,10.2,21,0
203524,Solomon Hill,2014,1.7,0.545,0.111,2.8,8.1,23,0
203500,Steven Adams,2014,3.3,0.541,0.114,2.6,14.8,20,0
203315,Toure' Murry,2014,2.7,0.479,0.209,-3.5,7.3,24,0
203504,Trey Burke,2014,12.8,0.473,0.216,-5.9,32.3,21,0
203506,Victor Oladipo,2014,13.8,0.514,0.24,-5.6,31.1,22,0
203543,Vitor Faverani,2014,4.4,0.502,0.189,-8.9,13.2,26,0
203932,Aaron Gordon,2015,5.2,0.517,0.151,-7.9,17.0,19,0
203940,Adreian Payne,2015,6.7,0.443,0.173,-17.0,23.1,24,0
203952,Andrew Wiggins,2015,16.9,0.517,0.223,-9.7,36.2,20,1
202711,Bojan Bogdanovic,2015,9.0,0.562,0.169,-4.9,23.8,26,0
203921,Cleanthony Early,2015,5.4,0.447,0.19,-12.3,16.6,24,0
203928,Cory Jefferson,2015,3.7,0.48,0.17,8.2,10.6,24,0
204014,Damjan Rudez,2015,4.8,0.591,0.134,0.1,15.4,29,0
203957,Danté Exum,2015,4.8,0.457,0.137,2.7,22.2,19,0
203906,Devyn Marble,2015,2.3,0.362,0.122,-1.1,13.0,22,0
203926,Doug McDermott,2015,3.0,0.48,0.18,-15.1,8.9,23,0
203939,Dwight Powell,2015,3.1,0.552,0.166,1.1,8.2,23,0
203901,Elfrid Payton,2015,8.9,0.456,0.179,-3.4,30.3,21,0
202407,Elijah Millsap,2015,5.3,0.45,0.164,3.9,19.7,27,0
203475,Erick Green,2015,3.4,0.436,0.181,-9.3,9.5,24,0
203128,Furkan Aldemir,2015,2.3,0.517,0.083,-8.2,13.2,23,0
203914,Gary Harris,2015,3.4,0.395,0.16,-10.7,13.1,20,0
203922,Glenn Robinson III,2015,2.1,0.471,0.143,6.3,7.5,21,0
203960,JaKarr Sampson,2015,5.2,0.498,0.173,-12.2,15.3,22,0
203913,Jabari Brown,2015,11.9,0.547,0.183,-10.8,29.9,22,0
203953,Jabari Parker,2015,12.3,0.527,0.202,-6.8,29.5,20,0
203516,James Ennis III,2015,5.0,0.541,0.142,-0.2,17.0,24,0
203923,James Young,2015,3.4,0.457,0.149,0.0,10.7,19,0
203924,Jerami Grant,2015,6.3,0.47,0.162,-5.2,21.2,21,0
203925,Joe Harris,2015,2.7,0.537,0.137,-10.7,9.7,23,0
204060,Joe Ingles,2015,5.0,0.533,0.126,-2.2,21.2,27,0
203530,Joffrey Lauvergne,2015,3.9,0.459,0.185,-19.1,11.2,23,0
203948,Johnny O'Bryant III,2015,2.9,0.379,0.188,-12.8,10.8,22,0
203919,Jordan Adams,2015,3.1,0.489,0.186,3.6,8.3,20,0
203903,Jordan Clarkson,2015,11.9,0.528,0.23,-8.3,25.0,23,0
203994,Jusuf Nurkić,2015,6.9,0.483,0.203,0.5,17.8,20,0
203909,KJ McDaniels,2015,7.9,0.494,0.188,-8.7,21.8,22,0
1642928,Dylan Cardwell,2026,5.4,0.591,0.108,-2.5,20.6,24,0
203123,Kostas Papanikolaou,2015,4.2,0.444,0.14,-3.0,18.5,24,0
203937,Kyle Anderson,2015,2.2,0.389,0.13,-5.3,10.9,21,0
1642844,Dylan Harper,2026,11.8,0.574,0.211,9.5,22.6,20,0
204038,Langston Galloway,2015,11.8,0.489,0.187,-9.4,32.4,23,0
203580,Larry Drew II,2015,3.8,0.388,0.168,-17.1,18.3,25,0
203935,Marcus Smart,2015,7.8,0.491,0.149,3.4,27.0,21,0
203900,Markel Brown,2015,4.6,0.459,0.147,-1.5,16.6,23,0
203917,Nik Stauskas,2015,4.4,0.492,0.138,-5.9,15.4,21,0
203956,Mitch McGary,2015,6.3,0.55,0.18,5.6,15.2,23,0
203457,Nerlens Noel,2015,9.9,0.493,0.17,-9.1,30.8,21,0
203910,Nick Johnson,2015,2.6,0.43,0.167,-8.1,9.4,22,0
202703,Nikola Mirotic,2015,10.2,0.556,0.225,5.0,20.2,24,0
203943,Noah Vonleh,2015,3.3,0.475,0.167,-13.3,10.3,19,0
203798,PJ Hairston,2015,5.6,0.446,0.19,-8.1,15.3,22,0
1642856,Egor Dëmin,2026,10.3,0.561,0.182,-5.9,25.2,20,0
203918,Rodney Hood,2015,8.7,0.529,0.192,3.8,21.3,22,0
203894,Shabazz Napier,2015,5.1,0.517,0.154,-2.2,19.8,23,0
203915,Spencer Dinwiddie,2015,4.3,0.394,0.208,-7.9,13.4,22,0
203933,T.J. Warren,2015,6.1,0.551,0.173,-8.5,15.4,21,0
204028,Tarik Black,2015,6.0,0.583,0.138,-3.8,19.0,23,0
204025,Tim Frazier,2015,5.2,0.406,0.17,-2.2,21.8,24,0
204037,Travis Wear,2015,3.9,0.451,0.172,-6.2,13.2,24,0
203898,Tyler Ennis,2015,3.7,0.411,0.199,-7.3,12.5,20,0
204020,Tyler Johnson,2015,5.9,0.506,0.161,-4.7,18.8,23,0
203897,Zach LaVine,2015,10.1,0.515,0.218,-14.2,24.7,20,0
1626148,Anthony Brown,2016,4.0,0.427,0.109,-2.3,20.6,23,0
1626253,Axel Toupane,2016,3.6,0.49,0.122,-2.2,14.5,23,0
1626246,Boban Marjanovic,2016,5.5,0.662,0.22,4.5,9.4,27,0
1626171,Bobby Portis,2016,7.0,0.469,0.203,-7.6,17.8,21,0
1626214,Bryce Dejean-Jones,2016,5.6,0.505,0.14,-6.8,19.9,23,0
1626166,Cameron Payne,2016,5.0,0.49,0.199,-1.8,12.2,21,0
1626191,Chris McCullough,2016,4.7,0.47,0.158,-14.7,15.1,21,0
1626245,Cristiano Felicio,2016,3.4,0.601,0.135,8.0,10.3,23,0
1626156,D'Angelo Russell,2016,13.2,0.507,0.238,-11.7,28.2,20,0
1630679,Ethan Thompson,2026,7.0,0.515,0.154,-0.1,20.4,27,0
1626199,Darrun Hilliard,2016,4.0,0.511,0.19,-1.7,10.1,23,0
1626153,Delon Wright,2016,3.8,0.54,0.218,3.3,8.5,24,0
1626164,Devin Booker,2016,13.8,0.535,0.228,-8.4,27.7,19,0
1626144,Emmanuel Mudiay,2016,12.8,0.437,0.25,-3.1,30.4,20,0
1626163,Frank Kaminsky,2016,7.5,0.513,0.166,-0.9,21.1,23,0
1626143,Jahlil Okafor,2016,17.5,0.536,0.272,-15.7,30.0,20,0
1626185,Jarell Martin,2016,5.7,0.534,0.179,-4.1,14.1,22,0
1626170,Jerian Grant,2016,5.6,0.479,0.185,-6.5,16.6,23,0
1626202,Joe Young,2016,3.8,0.428,0.233,-4.4,9.4,24,0
203613,Jonathon Simmons,2016,6.0,0.586,0.183,6.3,14.8,26,0
1626196,Josh Richardson,2016,6.6,0.569,0.134,1.8,21.3,22,0
1626147,Justin Anderson,2016,3.8,0.522,0.152,1.4,11.8,22,0
1626159,Justise Winslow,2016,6.4,0.489,0.122,2.4,28.6,20,0
1626157,Karl-Anthony Towns,2016,18.3,0.59,0.243,-2.5,32.0,20,1
1626162,Kelly Oubre Jr.,2016,3.7,0.507,0.166,-2.6,10.7,20,0
204001,Kristaps Porziņģis,2016,14.3,0.518,0.243,0.3,28.4,20,0
203934,Lamar Patterson,2016,2.4,0.468,0.123,4.2,11.3,24,0
1626204,Larry Nance Jr.,2016,5.5,0.544,0.124,-3.4,20.1,23,0
1626273,Marcelo Huertas,2016,4.5,0.488,0.161,1.7,16.4,33,0
1626209,Mario Hezonja,2016,6.1,0.541,0.166,-0.1,17.9,21,0
1626149,Montrezl Harrell,2016,3.6,0.635,0.141,4.9,9.7,22,0
1626167,Myles Turner,2016,10.3,0.531,0.207,-2.5,22.8,20,0
202357,Nemanja Bjelica,2016,5.1,0.594,0.123,-5.7,17.9,28,0
203999,Nikola Jokić,2016,10.0,0.582,0.194,2.4,21.7,21,0
1626181,Norman Powell,2016,5.6,0.541,0.174,4.8,14.8,23,0
1626154,RJ Hunter,2016,2.7,0.48,0.15,-4.2,8.7,22,0
1626173,Rashad Vaughn,2016,3.1,0.398,0.13,-8.1,14.3,19,0
203526,Raul Neto,2016,5.9,0.53,0.172,3.3,18.5,24,0
1626158,Richaun Holmes,2016,5.6,0.564,0.171,-3.6,13.8,22,0
1626178,Rondae Hollis-Jefferson,2016,5.8,0.519,0.131,-3.2,21.2,21,0
1626257,Salah Mejri,2016,3.7,0.636,0.138,5.5,11.7,30,0
1626169,Stanley Johnson,2016,8.1,0.46,0.191,-3.6,23.1,20,0
204456,T.J. McConnell,2016,6.1,0.511,0.167,-8.1,19.8,24,0
1626179,Terry Rozier,2016,1.8,0.326,0.168,-7.5,8.0,22,0
1626168,Trey Lyles,2016,6.1,0.517,0.178,-1.7,17.3,20,0
1626145,Tyus Jones,2016,4.2,0.45,0.151,-10.7,15.5,20,0
1626161,Willie Cauley-Stein,2016,7.0,0.588,0.131,-1.2,21.4,22,0
203186,Willie Reed,2016,4.7,0.579,0.175,-7.2,10.9,26,0
204098,Xavier Munford,2016,5.7,0.481,0.168,-5.1,17.4,24,0
203518,Alex Abrines,2017,6.0,0.56,0.153,-0.6,15.5,23,0
1626150,Andrew Harrison,2017,5.9,0.477,0.162,0.0,20.5,22,0
1627742,Brandon Ingram,2017,9.4,0.474,0.166,-7.2,28.9,19,0
1627854,Bryn Forbes,2017,2.6,0.462,0.172,-9.7,7.9,23,0
1627741,Buddy Hield,2017,10.6,0.541,0.209,-5.8,23.0,24,0
1627747,Caris LeVert,2017,8.2,0.556,0.161,-3.2,21.7,22,0
1626184,Chasson Randle,2017,5.3,0.586,0.193,0.8,11.5,24,0
203967,Dario Šarić,2017,12.8,0.508,0.24,-6.2,26.3,23,0
1627761,DeAndre' Bembry,2017,2.7,0.481,0.144,-3.8,9.8,22,0
1627749,Dejounte Murray,2017,3.4,0.503,0.23,-0.3,8.5,20,0
1627756,Denzel Valentine,2017,5.1,0.492,0.153,-0.7,17.1,23,0
1627884,Derrick Jones Jr.,2017,5.3,0.604,0.117,4.2,17.0,20,0
1627738,Deyonta Davis,2017,1.6,0.528,0.113,-6.4,6.6,20,0
1627734,Domantas Sabonis,2017,5.9,0.469,0.156,1.7,20.1,21,0
1627827,Dorian Finney-Smith,2017,4.3,0.486,0.115,-2.3,20.3,24,0
1627733,Dragan Bender,2017,3.4,0.44,0.145,-1.3,13.3,19,0
1627832,Fred VanVleet,2017,2.9,0.443,0.199,10.8,7.9,23,0
1627834,Georgios Papagiannis,2017,5.6,0.573,0.165,-5.0,16.1,19,0
1627785,Isaiah Whitehead,2017,7.4,0.487,0.18,-3.1,22.5,22,0
1627826,Ivica Zubac,2017,7.5,0.547,0.201,-10.5,16.0,20,0
1627774,Jake Layman,2017,2.2,0.404,0.186,-0.9,7.1,23,0
1627751,Jakob Poeltl,2017,3.1,0.589,0.117,-0.1,11.6,21,0
1627750,Jamal Murray,2017,9.9,0.518,0.212,2.2,21.5,20,0
1627759,Jaylen Brown,2017,6.6,0.54,0.176,-4.4,17.2,20,0
203954,Joel Embiid,2017,20.2,0.584,0.356,4.1,25.4,23,0
1627770,Kay Felder,2017,4.0,0.462,0.243,-6.5,9.2,22,0
1626780,Jonathan Gibson,2017,6.2,0.492,0.249,-17.5,13.6,29,0
1627823,Juancho Hernangomez,2017,4.9,0.592,0.139,-2.2,13.6,21,0
1627739,Kris Dunn,2017,3.8,0.432,0.139,-3.4,17.1,23,0
1627763,Malcolm Brogdon,2017,10.2,0.555,0.182,2.6,26.4,24,1
1627098,Malcolm Delaney,2017,5.4,0.456,0.181,1.4,17.1,28,0
1627737,Marquese Chriss,2017,9.2,0.529,0.194,-9.5,21.3,19,0
1626254,Maurice Ndour,2017,3.1,0.503,0.142,0.8,10.4,25,0
1627851,Mindaugas Kuzminskas,2017,6.3,0.533,0.186,0.2,14.9,27,0
1627852,Nicolas Brussino,2017,2.8,0.498,0.148,-9.9,9.7,24,0
1627855,Okaro White,2017,2.8,0.507,0.106,7.5,13.5,24,0
1627783,Pascal Siakam,2017,4.2,0.523,0.129,-2.1,15.6,23,0
1627775,Patrick McCaw,2017,4.0,0.54,0.116,-2.0,15.1,21,0
1627835,Paul Zipser,2017,5.5,0.503,0.143,1.7,19.2,23,0
1643060,Hayden Gray,2026,6.0,0.773,0.079,-29.0,24.8,23,0
203585,Rodney McGruder,2017,6.4,0.506,0.123,0.3,25.2,25,0
1627758,Ron Baker,2017,4.1,0.456,0.149,-2.3,16.5,24,0
203902,Semaj Christon,2017,2.9,0.387,0.123,-6.3,15.2,24,0
1627848,Shawn Long,2017,8.2,0.595,0.241,4.5,13.0,24,0
1627815,Sheldon Mac,2017,3.0,0.518,0.138,-10.8,9.6,24,0
1627746,Skal Labissiere,2017,8.8,0.577,0.209,-2.8,18.5,21,0
1627752,Taurean Prince,2017,5.7,0.513,0.168,-0.6,16.6,23,0
1627748,Thon Maker,2017,4.0,0.558,0.181,-1.6,9.9,20,0
1627789,Timothe Luwawu-Cabarrot,2017,6.4,0.536,0.175,-2.0,17.2,22,0
203107,Tomas Satoransky,2017,2.7,0.477,0.122,1.1,12.6,25,0
1627786,Troy Williams,2017,6.2,0.511,0.169,-6.3,18.6,22,0
1627755,Tyler Ulis,2017,7.3,0.474,0.199,-5.3,18.4,21,0
1627735,Wade Baldwin IV,2017,3.2,0.404,0.186,-16.8,12.3,21,0
1627782,Wayne Selden,2017,5.1,0.525,0.159,-8.6,16.9,22,0
1626195,Willy Hernangomez,2017,8.2,0.564,0.199,-1.1,18.4,23,0
1627812,Yogi Ferrell,2017,10.0,0.533,0.192,-4.2,26.0,24,0
1627846,Abdel Nader,2018,3.0,0.439,0.162,-10.3,10.9,24,0
1628409,Alec Peters,2018,4.1,0.523,0.151,7.3,11.2,23,0
1627936,Alex Caruso,2018,3.6,0.519,0.128,-0.3,15.2,24,0
1628510,Andrew White III,2018,4.6,0.461,0.16,-18.6,13.9,25,0
1627790,Ante Zizic,2018,3.7,0.746,0.171,-9.1,6.7,21,0
1628469,Antonio Blakeney,2018,7.9,0.471,0.227,-1.3,16.5,21,0
1628389,Bam Adebayo,2018,6.9,0.57,0.157,-0.6,19.8,20,0
1627732,Ben Simmons,2018,15.8,0.557,0.219,6.6,33.7,21,1
203992,Bogdan Bogdanović,2018,11.8,0.556,0.192,-8.6,27.9,25,0
203464,Brandon Paul,2018,2.3,0.504,0.131,0.3,9.0,27,0
203710,C.J. Williams,2018,5.5,0.512,0.134,-1.2,18.6,28,0
1630828,Alex Antetokounmpo,2026,3.2,0.651,0.314,12.8,3.4,24,0
1626224,Cedi Osman,2018,3.9,0.577,0.151,3.9,11.0,23,0
1627814,Damion Lee,2018,10.7,0.489,0.182,-3.6,27.0,25,0
1628422,Damyean Dotson,2018,4.1,0.532,0.169,-2.8,10.8,24,0
1628464,Daniel Theis,2018,5.3,0.616,0.15,1.2,14.9,26,0
1628432,Davon Reed,2018,3.0,0.388,0.158,-14.2,11.5,23,0
1628368,De'Aaron Fox,2018,11.6,0.478,0.227,-10.2,27.7,20,0
1631457,Alex Morales,2026,2.0,0.508,0.203,16.3,5.9,28,0
1628372,Dennis Smith Jr.,2018,15.2,0.473,0.28,-7.6,29.7,20,0
1628415,Dillon Brooks,2018,11.0,0.531,0.184,-5.0,28.7,22,0
1628378,Donovan Mitchell,2018,20.5,0.541,0.283,6.8,33.4,21,0
1628407,Dwayne Bacon,2018,3.3,0.431,0.13,-0.2,13.5,22,0
1628412,Frank Mason III,2018,7.9,0.48,0.226,-1.7,18.9,24,0
1628373,Frank Ntilikina,2018,5.9,0.437,0.166,-2.2,21.9,19,0
1627824,Guerschon Yabusele,2018,2.4,0.559,0.146,-0.8,7.1,22,0
1628439,Isaiah Hicks,2018,4.4,0.501,0.175,-7.7,13.3,23,0
1628397,Ivan Rabb,2018,5.6,0.599,0.167,-8.4,14.3,21,0
1628503,Jamel Artis,2018,5.1,0.457,0.142,-0.9,18.6,25,0
203966,Jamil Wilson,2018,7.0,0.634,0.145,0.8,18.3,27,0
1628386,Jarrett Allen,2018,8.2,0.636,0.162,-4.1,20.0,20,0
1628393,Jawun Evans,2018,4.8,0.421,0.17,2.1,16.2,21,0
1628369,Jayson Tatum,2018,13.9,0.586,0.192,6.9,30.5,20,0
1628381,John Collins,2018,10.5,0.62,0.174,-6.2,24.1,20,0
1628371,Jonathan Isaac,2018,5.4,0.465,0.149,-8.6,19.8,20,0
1628395,Jordan Bell,2018,4.6,0.641,0.134,8.9,14.2,23,0
1628404,Josh Hart,2018,7.9,0.596,0.133,-1.9,23.2,23,0
1642918,Alijah Martin,2026,2.2,0.437,0.185,-5.8,6.3,24,0
1628367,Josh Jackson,2018,13.1,0.48,0.253,-11.7,25.4,21,0
203705,Josh Magette,2018,2.6,0.464,0.119,-0.5,12.0,28,0
1628382,Justin Jackson,2018,6.7,0.521,0.139,-7.6,22.2,23,0
203920,Khem Birch,2018,4.2,0.582,0.131,0.8,13.8,25,0
1628424,Kobi Simmons,2018,6.1,0.49,0.163,-17.0,20.1,20,0
1627858,Kyle Collinsworth,2018,3.2,0.433,0.124,-2.1,15.0,26,0
1628398,Kyle Kuzma,2018,16.1,0.549,0.219,-2.2,31.2,22,0
1628374,Lauri Markkanen,2018,15.2,0.552,0.215,-9.0,29.7,21,0
1628366,Lonzo Ball,2018,10.2,0.444,0.169,-0.6,34.2,20,0
1628379,Luke Kennard,2018,7.6,0.56,0.169,3.9,20.0,22,0
1628436,Luke Kornet,2018,6.7,0.516,0.189,-9.3,16.3,22,0
1628370,Malik Monk,2018,6.7,0.477,0.241,-11.8,13.5,20,0
1642873,Amari Williams,2026,1.4,0.573,0.103,-17.4,6.6,24,0
1628365,Markelle Fultz,2018,7.1,0.416,0.218,4.8,18.1,20,0
1628467,Maxi Kleber,2018,5.4,0.576,0.135,-3.6,16.8,26,0
1628455,Mike James,2018,9.3,0.469,0.237,-2.6,19.1,27,0
1628462,Milos Teodosic,2018,9.5,0.564,0.178,2.4,25.2,31,0
1627988,Myke Henry,2018,5.4,0.472,0.148,-4.1,18.9,25,0
1628384,OG Anunoby,2018,5.9,0.587,0.121,10.0,20.0,20,0
1628681,Rodney Purvis,2018,6.0,0.423,0.187,-9.1,18.1,24,0
1626220,Royce O'Neale,2018,5.0,0.54,0.14,8.7,16.7,25,0
1627853,Ryan Arcidiacono,2018,2.0,0.55,0.081,-2.3,12.7,24,0
1628400,Semi Ojeleye,2018,2.7,0.473,0.088,-6.5,15.8,23,0
1643158,Andersson Garcia,2026,5.2,0.394,0.094,-9.8,33.8,25,0
1627885,Shaquille Harrison,2018,6.6,0.54,0.173,6.1,16.7,24,0
1628414,Sindarius Thornwell,2018,3.9,0.519,0.118,-2.4,15.8,23,0
1628425,Sterling Brown,2018,4.0,0.503,0.135,-2.5,14.4,23,0
1628388,T.J. Leaf,2018,2.9,0.545,0.136,-11.7,8.7,21,0
1628390,Terrance Ferguson,2018,3.1,0.545,0.104,-4.5,12.5,20,0
1628470,Torrey Craig,2018,4.2,0.535,0.116,-2.9,16.1,27,0
1628463,Tyler Cavanaugh,2018,4.7,0.567,0.139,-2.1,13.3,24,0
1628416,Tyler Dorsey,2018,7.2,0.494,0.193,-7.1,17.4,22,0
1627820,Tyrone Wallace,2018,9.7,0.517,0.159,-1.5,28.4,24,0
1628411,Wes Iwundu,2018,3.7,0.48,0.114,-4.6,16.5,23,0
1628380,Zach Collins,2018,4.4,0.475,0.153,1.3,15.8,20,0
1628988,Aaron Holiday,2019,5.9,0.518,0.206,7.0,12.9,22,0
1629019,Allonzo Trier,2019,10.9,0.564,0.207,-7.2,22.8,23,0
202954,Brad Wanamaker,2019,3.9,0.597,0.162,8.8,9.5,29,0
1629102,Brandon Sampson,2019,5.1,0.567,0.154,-6.0,15.3,22,0
1628971,Bruce Brown,2019,4.3,0.469,0.113,0.7,19.6,22,0
1629244,Cam Reynolds,2019,5.0,0.58,0.141,-4.9,13.7,24,0
1628990,Chandler Hutchison,2019,5.2,0.507,0.121,-5.6,20.3,23,0
1629012,Collin Sexton,2019,16.7,0.52,0.247,-12.5,31.8,20,0
1629001,De'Anthony Melton,2019,5.0,0.466,0.147,-7.9,19.7,21,0
1629028,Deandre Ayton,2019,16.3,0.608,0.21,-8.1,30.7,20,0
1629126,Deonte Burton,2019,2.6,0.47,0.159,4.3,7.5,25,0
1628984,Devonte' Graham,2019,4.7,0.459,0.166,-7.3,14.7,24,0
1628978,Donte DiVincenzo,2019,4.9,0.507,0.145,12.6,15.2,22,0
1629059,Elie Okobo,2019,5.7,0.489,0.168,-9.9,18.1,21,0
1628402,Frank Jackson,2019,8.1,0.517,0.178,-5.0,19.2,21,0
1629109,Gary Clark,2019,2.9,0.48,0.106,2.0,12.6,24,0
1628960,Grayson Allen,2019,5.6,0.516,0.238,-13.6,11.0,23,0
1628977,Hamidou Diallo,2019,3.7,0.497,0.16,-6.8,10.3,20,0
1628385,Harry Giles III,2019,7.0,0.526,0.227,-5.0,14.1,21,0
1628515,Isaiah Briscoe,2019,3.5,0.455,0.139,2.0,14.3,23,0
1628392,Isaiah Hartenstein,2019,1.9,0.562,0.112,9.6,7.9,21,0
1628980,Jacob Evans,2019,1.3,0.374,0.134,-6.2,6.8,22,0
1628973,Jalen Brunson,2019,9.3,0.549,0.186,-2.8,21.8,22,0
1628991,Jaren Jackson Jr.,2019,13.8,0.591,0.231,-2.3,26.1,19,0
1628417,Jaron Blossomgame,2019,4.2,0.51,0.12,-6.0,16.3,25,0
1629121,Jaylen Adams,2019,3.2,0.474,0.131,-6.5,12.6,23,0
1629010,Jerome Robinson,2019,3.4,0.491,0.159,-3.4,9.7,22,0
1628975,Jevon Carter,2019,4.4,0.432,0.172,-6.8,14.8,23,0
1629140,Johnathan Williams,2019,6.5,0.599,0.158,7.6,15.5,24,0
1628413,Jonah Bolden,2019,4.7,0.595,0.131,-1.8,14.5,23,0
1629006,Josh Okogie,2019,7.7,0.492,0.148,-1.0,23.7,20,0
1627395,Julian Washburn,2019,2.2,0.402,0.096,-2.0,14.1,27,0
1628966,Keita Bates-Diop,2019,5.0,0.489,0.14,-5.1,16.8,23,0
1629026,Kenrich Williams,2019,6.1,0.485,0.119,-3.8,23.5,24,0
1628989,Kevin Huerter,2019,9.7,0.533,0.153,-2.2,27.3,20,0
1628995,Kevin Knox II,2019,12.8,0.475,0.219,-13.7,28.8,19,0
1629013,Landry Shamet,2019,9.1,0.604,0.145,1.7,22.8,22,0
1629029,Luka Dončić,2019,21.2,0.545,0.296,-3.1,32.2,20,1
1642854,Asa Newell,2026,5.2,0.624,0.16,-3.8,11.4,20,0
1628963,Marvin Bagley III,2019,14.9,0.562,0.237,-3.2,25.3,20,0
1628969,Mikal Bridges,2019,8.3,0.556,0.119,-6.8,29.5,22,0
1628970,Miles Bridges,2019,7.5,0.548,0.147,-3.7,21.2,21,0
1629011,Mitchell Robinson,2019,7.3,0.692,0.119,-6.2,20.6,21,0
1628964,Mo Bamba,2019,6.2,0.539,0.174,-14.9,16.3,21,0
1629021,Moritz Wagner,2019,4.8,0.533,0.21,-9.8,10.4,22,0
1629016,Omari Spellman,2019,5.9,0.516,0.146,-10.3,17.5,21,0
1629057,Robert Williams III,2019,2.5,0.703,0.101,-5.9,8.8,21,0
1629066,Rodions Kurucs,2019,8.5,0.545,0.175,-0.4,20.5,21,0
1629151,Ryan Broekhoff,2019,4.0,0.621,0.14,8.3,10.8,28,0
1628983,Shai Gilgeous-Alexander,2019,10.8,0.554,0.182,-2.0,26.5,20,0
1629003,Shake Milton,2019,4.4,0.483,0.147,-1.1,13.4,22,0
1629004,Svi Mykhailiuk,2019,3.2,0.447,0.157,-0.5,10.5,22,0
1629033,Theo Pinson,2019,4.5,0.49,0.191,-0.6,11.7,23,0
1629027,Trae Young,2019,19.1,0.539,0.277,-6.3,30.9,20,0
1628972,Troy Brown Jr.,2019,4.8,0.487,0.158,-0.3,14.0,19,0
1628976,Wendell Carter Jr.,2019,10.3,0.541,0.192,-11.7,25.2,20,0
1629678,Admiral Schofield,2020,3.0,0.502,0.118,-7.1,11.2,23,0
1642879,Ben Saraf,2026,7.5,0.486,0.202,-12.5,20.8,20,0
1628394,Anžejs Pasečņiks,2020,5.8,0.551,0.151,0.2,16.2,24,0
1629634,Brandon Clarke,2020,12.1,0.663,0.18,-0.1,22.4,23,0
1628981,Bruno Fernando,2020,4.3,0.542,0.147,-5.6,12.7,21,0
1628997,Caleb Martin,2020,6.2,0.595,0.152,0.8,17.6,24,0
1629629,Cam Reddish,2020,10.5,0.5,0.185,-6.3,26.7,20,0
1629661,Cameron Johnson,2020,8.8,0.586,0.151,1.0,22.0,24,0
1629035,Carsen Edwards,2020,3.3,0.444,0.171,-5.5,9.5,22,0
1629598,Chris Clemons,2020,4.9,0.548,0.235,-8.8,8.8,22,0
1629735,Chris Silva,2020,3.0,0.651,0.155,-6.0,7.9,23,0
1629632,Coby White,2020,13.2,0.506,0.235,-4.4,25.8,20,0
1628998,Cody Martin,2020,5.0,0.505,0.131,-3.2,18.8,24,0
1629655,Daniel Gafford,2020,5.1,0.686,0.131,-1.9,14.2,21,0
1629647,Darius Bazley,2020,5.6,0.497,0.146,-3.2,18.5,20,0
1629636,Darius Garland,2020,12.3,0.498,0.201,-8.7,30.9,20,0
1629631,De'Andre Hunter,2020,12.3,0.521,0.173,-5.5,32.0,22,0
1629672,Eric Paschall,2020,14.0,0.571,0.207,-10.6,27.6,23,0
1629726,Garrison Mathews,2020,5.4,0.691,0.137,7.1,12.6,23,0
1629048,Goga Bitadze,2020,3.2,0.523,0.17,-1.4,8.7,20,0
1643016,Bez Mbeng,2026,8.1,0.55,0.106,-13.2,32.8,23,0
1629684,Grant Williams,2020,3.4,0.505,0.112,6.3,15.1,21,0
1629630,Ja Morant,2020,17.8,0.556,0.256,-0.6,31.0,20,1
1629667,Jalen McDaniels,2020,5.6,0.574,0.131,-3.6,18.3,22,0
1629633,Jarrett Culver,2020,9.2,0.467,0.187,-3.3,23.9,21,0
1629750,Javonte Green,2020,3.4,0.564,0.149,-2.6,9.7,26,0
1629637,Jaxson Hayes,2020,7.4,0.689,0.146,-1.8,16.9,20,0
1629162,Jordan McLaughlin,2020,7.6,0.587,0.151,-5.8,19.7,24,0
1629673,Jordan Poole,2020,8.8,0.454,0.2,-8.2,22.3,21,0
1629308,Juan Toscano-Anderson,2020,5.3,0.529,0.125,-12.0,20.9,27,0
1629713,Justin James,2020,2.5,0.477,0.181,-2.4,6.5,23,0
1629065,Ky Bowman,2020,7.4,0.494,0.168,-8.4,22.6,23,0
1629103,Kelan Martin,2020,6.4,0.506,0.171,-1.7,16.0,24,0
1629640,Keldon Johnson,2020,9.1,0.711,0.164,11.3,17.7,20,0
1629134,Kendrick Nunn,2020,15.3,0.534,0.236,1.2,29.3,24,0
1629645,Kevin Porter Jr.,2020,10.0,0.535,0.202,-11.2,23.2,20,0
1642396,Blake Hinson,2026,11.9,0.684,0.175,6.7,20.4,26,0
1629652,Luguentz Dort,2020,6.8,0.506,0.139,4.4,22.8,21,0
1629741,Marko Guduric,2020,3.9,0.514,0.168,-2.6,11.0,25,0
1629680,Matisse Thybulle,2020,4.7,0.539,0.108,2.4,19.8,23,0
1629744,Matt Thomas,2020,4.9,0.65,0.152,4.2,10.7,25,0
1629008,Michael Porter Jr.,2020,9.3,0.617,0.211,0.7,16.4,22,0
1628539,Mychal Mulder,2020,11.0,0.533,0.165,6.2,29.1,26,0
1629642,Nassir Little,2020,3.6,0.505,0.131,-3.2,11.9,20,0
1629675,Naz Reid,2020,9.0,0.505,0.234,0.7,16.5,20,0
1629638,Nickeil Alexander-Walker,2020,5.7,0.473,0.233,-3.6,12.6,21,0
1629740,Nicolo Melli,2020,6.6,0.556,0.158,-4.3,17.4,29,0
203658,Norvel Pelle,2020,2.4,0.526,0.131,-15.7,9.7,27,0
1629023,P.J. Washington,2020,12.2,0.547,0.184,-6.3,30.3,21,0
1629628,RJ Barrett,2020,14.3,0.479,0.234,-9.1,30.4,20,0
1629641,Romeo Langford,2020,2.5,0.434,0.113,8.9,11.6,20,0
1629060,Rui Hachimura,2020,13.5,0.535,0.189,-8.2,30.1,22,0
1629635,Sekou Doumbouya,2020,6.4,0.474,0.164,-10.8,19.8,19,0
1629611,Terance Mann,2020,2.4,0.545,0.123,0.1,8.8,23,0
1629056,Terence Davis,2020,7.5,0.588,0.181,7.9,16.8,23,0
1629660,Ty Jerome,2020,3.3,0.425,0.17,-13.5,10.6,22,0
1629639,Tyler Herro,2020,13.5,0.55,0.213,-1.7,27.4,20,0
1629117,Wenyen Gabriel,2020,2.1,0.546,0.124,-7.2,7.8,23,0
1629627,Zion Williamson,2020,22.5,0.616,0.291,5.1,27.8,19,0
1630174,Aaron Nesmith,2021,4.7,0.573,0.133,-0.5,14.5,21,0
1630197,Aleksej Pokusevski,2021,8.2,0.43,0.197,-16.7,24.2,19,0
1630162,Anthony Edwards,2021,19.3,0.523,0.264,-5.0,32.1,19,0
1630264,Anthony Gill,2021,3.1,0.597,0.143,-1.6,8.4,28,0
1630237,Anthony Lamb,2021,5.5,0.523,0.144,-9.2,17.3,23,0
1629717,Armoni Brooks,2021,11.2,0.565,0.175,-11.7,26.0,23,0
1630271,Brodric Thomas,2021,3.9,0.487,0.158,-4.5,12.5,24,0
1629643,Chuma Okeke,2021,7.8,0.511,0.142,-7.2,25.2,22,0
1630175,Cole Anthony,2021,12.9,0.496,0.235,-12.8,27.1,21,0
1630166,Deni Avdija,2021,6.3,0.515,0.118,-2.1,23.3,20,0
1630217,Desmond Bane,2021,9.2,0.6,0.155,0.4,22.3,23,0
1630170,Devin Vassell,2021,5.5,0.524,0.138,-2.4,17.0,20,0
1629685,Dylan Windler,2021,5.2,0.567,0.14,-6.5,16.5,24,0
1630267,Facundo Campazzo,2021,6.1,0.558,0.128,2.8,21.9,30,0
1630273,Freddie Gillespie,2021,5.6,0.563,0.12,-9.6,19.6,24,0
1630466,Gabriel Deck,2021,8.4,0.548,0.159,-12.7,21.2,26,0
1630193,Immanuel Quickley,2021,11.4,0.557,0.246,7.1,19.4,22,0
1630171,Isaac Okoro,2021,9.6,0.514,0.142,-8.7,32.4,20,0
1630198,Isaiah Joe,2021,3.7,0.533,0.163,1.8,9.3,21,0
1630191,Isaiah Stewart,2021,7.9,0.597,0.15,-2.0,21.4,20,0
1630183,Jaden McDaniels,2021,6.8,0.552,0.118,-3.4,24.0,20,0
1630256,Jae'Sean Tate,2021,11.3,0.576,0.161,-3.8,29.2,25,0
1630164,James Wiseman,2021,11.5,0.552,0.231,-8.8,21.4,20,0
1629670,Jordan Nwora,2021,5.7,0.586,0.254,-0.3,9.1,22,0
1630182,Josh Green,2021,2.6,0.49,0.112,1.9,11.4,20,0
1630221,Josh Hall,2021,4.1,0.363,0.174,-13.2,16.0,20,0
1630231,KJ Martin,2021,9.3,0.59,0.154,-11.5,23.7,20,0
1630165,Killian Hayes,2021,6.8,0.422,0.185,-10.1,25.8,19,0
1630184,Kira Lewis Jr.,2021,6.4,0.477,0.176,0.8,16.7,20,0
1630163,LaMelo Ball,2021,15.7,0.539,0.247,-3.1,28.8,19,1
1630205,Lamar Stevens,2021,4.1,0.521,0.152,-10.4,12.5,23,0
1642964,Brooks Barnhizer,2026,1.7,0.451,0.103,-14.5,8.7,24,0
1630201,Malachi Flynn,2021,7.5,0.484,0.183,-5.6,19.7,23,0
1630210,Markus Howard,2021,2.8,0.477,0.25,-17.0,5.5,22,0
1630222,Mason Jones,2021,5.3,0.556,0.217,-9.9,10.5,22,0
1630230,Naji Marshall,2021,7.7,0.508,0.16,-1.5,21.9,23,0
1630233,Nathan Knight,2021,3.8,0.499,0.207,-4.3,8.4,23,0
1630185,Nico Mannion,2021,4.1,0.487,0.186,-9.4,12.1,20,0
1630167,Obi Toppin,2021,4.1,0.574,0.157,2.7,11.0,23,0
1630168,Onyeka Okongwu,2021,4.6,0.655,0.141,-6.3,12.0,20,0
1630172,Patrick Williams,2021,9.2,0.562,0.146,-7.1,27.9,19,0
1630202,Payton Pritchard,2021,7.7,0.582,0.162,0.6,19.2,23,0
1630173,Precious Achiuwa,2021,5.0,0.55,0.184,-7.2,12.1,21,0
1630181,R.J. Hampton,2021,6.9,0.507,0.191,-14.2,17.4,20,0
1629617,Reggie Perry,2021,3.0,0.466,0.19,-7.3,8.1,21,0
1630240,Saben Lee,2021,5.6,0.536,0.171,-6.3,16.3,22,0
1630180,Saddiq Bey,2021,12.2,0.567,0.182,-5.6,27.3,22,0
1630241,Sam Merrill,2021,3.0,0.603,0.146,-8.5,7.8,25,0
1630177,Theo Maledon,2021,10.1,0.489,0.188,-16.5,27.3,20,0
1630200,Tre Jones,2021,2.5,0.544,0.159,-13.8,7.3,21,0
1630235,Trent Forrest,2021,2.9,0.554,0.144,-7.7,10.1,23,0
1630169,Tyrese Haliburton,2021,13.0,0.585,0.175,-5.6,30.1,21,0
1630178,Tyrese Maxey,2021,8.0,0.531,0.222,-1.6,15.3,20,0
1630214,Xavier Tillman,2021,6.6,0.605,0.142,2.9,18.4,22,0
1630192,Zeke Nnaji,2021,3.2,0.615,0.126,-10.5,9.5,20,0
1630598,Aaron Wiggins,2022,8.3,0.556,0.149,-8.1,24.2,23,0
1630578,Alperen Sengun,2022,9.6,0.552,0.214,-10.2,20.7,19,0
1630559,Austin Reaves,2022,7.3,0.6,0.121,1.8,23.2,24,0
1630245,Ayo Dosunmu,2022,8.8,0.596,0.138,-5.0,27.4,22,0
1630538,Bones Hyland,2022,10.1,0.558,0.231,1.7,19.0,21,0
1630527,Brandon Boston,2022,6.7,0.481,0.212,-2.0,14.9,20,0
1630314,Brandon Williams,2022,12.9,0.476,0.246,-20.4,26.7,22,0
1630595,Cade Cunningham,2022,17.4,0.504,0.273,-6.2,32.6,20,0
1630560,Cam Thomas,2022,8.5,0.519,0.212,-6.4,17.6,20,0
1630537,Chris Duarte,2022,13.1,0.537,0.207,-2.0,28.0,25,0
1630557,Corey Kispert,2022,8.2,0.586,0.142,0.1,23.4,23,0
1630227,Daishen Nix,2022,3.2,0.48,0.167,-6.6,10.9,20,0
1630625,Dalano Banton,2022,3.2,0.463,0.159,1.5,10.9,22,0
1630561,David Duke Jr.,2022,4.7,0.444,0.15,0.1,15.5,22,0
1630558,Davion Mitchell,2022,11.5,0.489,0.202,-6.0,27.7,23,0
1630549,Day'Ron Sharpe,2022,6.2,0.593,0.205,6.9,12.2,20,0
1631126,Caleb Love,2026,10.4,0.497,0.228,-6.3,20.7,24,0
1630613,Duane Washington Jr.,2022,9.9,0.521,0.214,-5.9,20.2,22,0
1630596,Evan Mobley,2022,15.0,0.549,0.201,1.7,33.8,21,0
1630532,Franz Wagner,2022,15.2,0.559,0.208,-4.9,30.7,20,0
1630686,Georgios Kalaitzakis,2022,6.6,0.536,0.2,-29.3,16.4,23,0
1630535,Greg Brown III,2022,4.7,0.515,0.168,-17.6,13.3,20,0
1630529,Herbert Jones,2022,9.5,0.573,0.136,2.0,29.9,23,0
1630543,Isaiah Jackson,2022,8.3,0.607,0.214,-2.8,15.0,20,0
1630587,Isaiah Livers,2022,6.4,0.629,0.125,-0.8,20.2,23,0
1630688,Ish Wainright,2022,2.4,0.494,0.134,5.6,8.0,27,0
1630550,JT Thor,2022,2.0,0.525,0.116,0.3,7.9,19,0
1630224,Jalen Green,2022,17.3,0.547,0.234,-11.3,31.9,20,0
1630591,Jalen Suggs,2022,11.8,0.455,0.244,-7.1,27.2,21,0
1630547,James Bouknight,2022,4.6,0.459,0.226,-6.2,9.8,21,0
1630215,Jared Butler,2022,3.8,0.509,0.221,-0.1,8.6,21,0
1630606,Javonte Smart,2022,3.0,0.407,0.154,-10.6,11.8,23,0
1630526,Jeremiah Robinson-Earl,2022,7.5,0.526,0.152,-9.8,22.2,21,0
1630579,Jericho Sims,2022,2.2,0.674,0.068,6.5,13.5,23,0
1629111,Jock Landale,2022,4.9,0.597,0.172,-1.1,10.9,26,0
1630580,Joe Wieskamp,2022,2.1,0.494,0.129,1.5,7.1,22,0
1630228,Jonathan Kuminga,2022,9.3,0.6,0.227,1.9,16.9,19,0
1630631,Jose Alvarado,2022,6.1,0.52,0.174,7.3,15.4,24,0
1630528,Josh Christopher,2022,7.9,0.534,0.205,-9.2,18.0,20,0
1630581,Josh Giddey,2022,12.5,0.478,0.218,-8.3,31.5,19,0
1630563,Joshua Primo,2022,5.8,0.487,0.152,-3.3,19.3,19,0
1630551,Justin Champagnie,2022,2.3,0.571,0.111,7.4,7.8,21,0
1626208,Keifer Sykes,2022,5.6,0.456,0.174,-4.5,17.7,28,0
1630553,Keon Johnson,2022,7.2,0.453,0.207,-19.0,18.8,20,0
1630556,Kessler Edwards,2022,5.9,0.516,0.132,-3.3,20.6,21,0
1630195,Leandro Bolmaro,2022,1.4,0.419,0.122,0.2,6.9,21,0
1630322,Lindy Waters III,2022,8.0,0.562,0.166,-4.7,18.6,24,0
1630568,Luka Garza,2022,5.8,0.535,0.195,-6.3,12.2,23,0
1630792,Malcolm Hill,2022,3.8,0.619,0.118,-7.3,11.2,26,0
1642868,Carter Bryant,2026,4.2,0.526,0.158,0.8,11.5,20,0
1630540,Miles McBride,2022,2.2,0.393,0.137,13.0,9.3,21,0
1630541,Moses Moody,2022,4.4,0.573,0.148,-4.0,11.7,20,0
1630846,Olivier Sarr,2022,7.0,0.672,0.136,-2.0,19.1,23,0
1630209,Omer Yurtseven,2022,5.3,0.546,0.19,5.3,12.6,24,0
1629656,Quentin Grimes,2022,6.0,0.565,0.149,-3.0,17.1,22,0
1630572,Sandro Mamukelashvili,2022,3.8,0.618,0.142,-17.6,9.9,23,0
1630583,Santi Aldama,2022,4.1,0.452,0.174,1.3,11.2,21,0
1630567,Scottie Barnes,2022,15.3,0.552,0.187,1.8,35.4,20,1
1643052,Chaney Johnson,2026,8.2,0.635,0.16,-9.0,20.4,24,0
1630678,Terry Taylor,2022,9.6,0.656,0.151,-6.9,21.6,22,0
1630544,Tre Mann,2022,10.4,0.501,0.213,-10.3,22.8,21,0
1630570,Trendon Watford,2022,7.6,0.59,0.169,-17.9,18.1,21,0
1630530,Trey Murphy III,2022,5.4,0.558,0.147,0.3,13.9,22,0
1642404,Chaz Lanier,2026,2.4,0.436,0.147,2.0,7.7,24,0
1630586,Usman Garuba,2022,2.0,0.51,0.091,7.0,10.0,20,0
1630249,Vít Krejčí,2022,6.2,0.529,0.125,-12.8,23.0,22,0
1630533,Ziaire Williams,2022,8.1,0.559,0.144,4.2,21.7,20,0
1631260,AJ Green,2023,4.4,0.607,0.159,-4.9,9.9,23,0
1631100,AJ Griffin,2023,8.9,0.577,0.174,1.5,19.5,19,0
1629614,Andrew Nembhard,2023,9.5,0.528,0.159,-5.9,27.6,23,0
1631097,Bennedict Mathurin,2023,16.7,0.566,0.235,-4.3,28.5,21,0
1631104,Blake Wesley,2023,5.0,0.393,0.18,-13.4,18.1,20,0
1631121,Bryce McGowens,2023,5.3,0.519,0.147,-9.7,17.1,20,0
1631216,Caleb Houstan,2023,3.8,0.508,0.107,-5.3,15.9,20,0
1631128,Christian Braun,2023,4.7,0.568,0.127,-4.3,15.5,22,0
1631132,Christian Koloko,2023,3.1,0.517,0.1,9.0,13.8,23,0
1631207,Dalen Terry,2023,2.2,0.523,0.173,3.3,5.6,20,0
1631223,David Roddy,2023,6.7,0.519,0.163,-1.9,18.0,22,0
1631230,Dominick Barlow,2023,3.9,0.567,0.107,-10.7,14.6,20,0
1630700,Dyson Daniels,2023,3.8,0.503,0.113,0.4,17.7,20,0
1631095,Jabari Smith Jr.,2023,12.8,0.514,0.183,-11.3,31.0,20,0
1631133,Jabari Walker,2023,3.9,0.496,0.164,-9.0,11.1,20,0
1630702,Jaden Hardy,2023,8.8,0.571,0.248,-3.1,14.8,20,0
1643024,Chris Mañon,2026,0.8,0.451,0.081,-3.3,5.1,24,0
1631093,Jaden Ivey,2023,16.3,0.528,0.251,-13.0,31.1,21,0
1631222,Jake LaRavia,2023,3.0,0.531,0.117,-7.6,11.8,21,0
1631105,Jalen Duren,2023,9.1,0.655,0.139,-8.3,24.9,19,0
1631114,Jalen Williams,2023,14.1,0.601,0.18,-1.0,30.3,22,0
1631288,Jamal Cain,2023,5.4,0.647,0.139,5.5,13.3,24,0
1631119,Jaylin Williams,2023,5.9,0.559,0.133,-4.6,18.7,21,0
1631110,Jeremy Sochan,2023,11.0,0.509,0.195,-7.0,26.0,20,0
1631219,John Butler Jr.,2023,2.4,0.411,0.102,-16.1,11.6,20,0
1631098,Johnny Davis,2023,5.8,0.446,0.192,-6.2,15.1,21,0
1630548,Johnny Juzang,2023,4.8,0.411,0.187,-17.7,12.9,22,0
1630577,Julian Champagnie,2023,9.7,0.6,0.181,-10.6,18.8,22,0
1631099,Keegan Murray,2023,12.2,0.597,0.156,1.7,29.8,22,0
1631113,Kennedy Chandler,2023,2.2,0.44,0.15,-5.4,7.8,20,0
1630284,Kevon Harris,2023,4.1,0.564,0.129,0.3,13.4,26,0
1631103,Malaki Branham,2023,10.2,0.524,0.188,-11.1,23.5,20,0
1630699,MarJon Beauchamp,2023,5.1,0.513,0.175,-7.2,13.5,22,0
1631109,Mark Williams,2023,9.0,0.659,0.168,-4.7,19.3,21,0
1642959,Chris Youngblood,2026,2.1,0.527,0.162,2.3,5.4,24,0
1631108,Max Christie,2023,3.1,0.566,0.1,-7.1,12.5,20,0
1631107,Nikola Jović,2023,5.5,0.53,0.185,-3.5,13.6,20,0
1630534,Ochai Agbaji,2023,7.9,0.561,0.154,-0.2,20.5,23,0
1631115,Orlando Robinson,2023,3.7,0.565,0.116,3.8,13.7,22,0
1631172,Ousmane Dieng,2023,4.9,0.505,0.154,2.9,14.6,20,0
1631094,Paolo Banchero,2023,20.0,0.529,0.272,-4.2,33.7,20,1
1631116,Patrick Baldwin Jr.,2023,3.9,0.546,0.227,-12.3,7.3,20,0
1631101,Shaedon Sharpe,2023,9.9,0.568,0.186,-7.6,22.2,20,0
1631323,Simone Fontecchio,2023,6.3,0.495,0.192,-13.1,14.7,27,0
1631106,Tari Eason,2023,9.3,0.525,0.184,-4.8,21.6,22,0
1631102,TyTy Washington Jr.,2023,4.7,0.432,0.17,-6.1,14.0,21,0
1631117,Walker Kessler,2023,9.2,0.702,0.13,3.0,23.0,21,0
1641708,Amen Thompson,2024,9.5,0.576,0.173,2.1,22.4,21,0
1641748,Andre Jackson Jr.,2024,2.2,0.596,0.097,-7.3,10.0,22,0
1641710,Anthony Black,2024,4.6,0.56,0.123,-1.0,16.9,20,0
1641709,Ausar Thompson,2024,8.8,0.522,0.161,-5.3,25.1,21,0
1641731,Bilal Coulibaly,2024,8.4,0.543,0.139,-11.0,27.2,19,0
1641764,Brandin Podziemski,2024,9.2,0.54,0.149,5.9,26.6,21,0
1641706,Brandon Miller,2024,17.3,0.552,0.235,-10.2,32.2,21,0
1641729,Brice Sensabaugh,2024,7.5,0.511,0.201,-14.2,18.3,20,0
1641715,Cam Whitmore,2024,12.3,0.561,0.255,-1.0,18.7,19,0
1641717,Cason Wallace,2024,6.8,0.612,0.127,3.9,20.6,20,0
1631096,Chet Holmgren,2024,16.5,0.632,0.21,9.0,29.4,22,0
1631221,Collin Gillespie,2024,3.6,0.586,0.166,2.5,9.4,25,0
1641854,Craig Porter Jr.,2024,5.6,0.564,0.201,-1.6,12.7,24,0
1641726,Dereck Lively II,2024,8.8,0.728,0.124,5.0,23.5,20,0
1641871,Duop Reath,2024,9.1,0.571,0.202,-7.1,17.9,28,0
1641713,GG Jackson,2024,14.6,0.554,0.238,-7.1,25.7,19,0
1641711,Gradey Dick,2024,8.5,0.546,0.167,-13.9,21.1,20,0
1630641,Ibou Badji,2024,1.5,0.623,0.079,-16.8,10.3,21,0
1631170,Jaime Jaquez Jr.,2024,11.9,0.574,0.181,2.8,28.2,23,0
1630592,Jalen Wilson,2024,5.0,0.537,0.138,-1.6,15.5,23,0
1641716,Jarace Walker,2024,3.6,0.527,0.155,2.7,10.3,20,0
1631241,Javon Freeman-Liberty,2024,7.0,0.547,0.17,-18.2,18.3,24,0
1641722,Jordan Hawkins,2024,7.8,0.533,0.188,-0.9,17.3,22,0
1641763,Julian Phillips,2024,2.2,0.521,0.121,0.4,8.1,20,0
1631124,Julian Strawther,2024,4.5,0.482,0.193,-9.8,10.9,22,0
1642867,Collin Murray-Boyles,2026,8.5,0.621,0.15,2.6,21.9,21,0
1641718,Keyonte George,2024,13.0,0.533,0.224,-9.3,27.0,20,0
1641738,Kobe Brown,2024,2.0,0.49,0.104,-10.5,9.0,24,0
1631200,Kris Murray,2024,6.1,0.481,0.136,-6.0,21.7,23,0
1641778,Leaky Black,2024,2.7,0.589,0.099,-4.0,10.9,25,0
1642843,Cooper Flagg,2026,21.0,0.548,0.264,-5.2,33.5,19,0
1631204,Marcus Sasser,2024,8.3,0.542,0.195,-8.7,19.0,23,0
1641877,Nathan Mensah,2024,1.3,0.496,0.068,-19.6,12.3,26,0
1641733,Nick Smith Jr.,2024,5.9,0.511,0.202,-12.4,14.3,20,0
1641765,Olivier-Maxence Prosper,2024,3.0,0.496,0.153,-13.2,8.4,21,0
1641931,Onuralp Bitim,2024,3.5,0.464,0.149,-8.5,11.7,25,0
1642504,Cormac Ryan,2026,14.3,0.692,0.206,-3.1,24.6,27,0
1641712,Rayan Rupert,2024,4.0,0.451,0.131,-9.8,16.2,20,0
1641741,Ricky Council IV,2024,5.4,0.604,0.208,2.7,9.0,22,0
1628426,Sasha Vezenkov,2024,5.4,0.569,0.171,1.3,12.2,28,0
1630703,Scoot Henderson,2024,14.0,0.489,0.26,-13.0,28.5,20,0
1641707,Taylor Hendricks,2024,7.3,0.578,0.135,-8.1,21.4,20,0
1641787,Tosan Evbuomwan,2024,5.9,0.616,0.108,-15.6,21.6,23,0
1641739,Toumani Camara,2024,7.5,0.547,0.134,-4.6,24.8,24,0
1631218,Trayce Jackson-Davis,2024,7.9,0.692,0.157,1.1,16.6,24,0
1642938,Curtis Jones,2026,2.9,0.52,0.142,13.6,8.8,24,0
1641998,Trey Jemison III,2024,6.8,0.582,0.132,-7.3,23.0,24,0
203995,Vasilije Micic,2024,7.0,0.524,0.189,-3.1,19.6,30,0
1641705,Victor Wembanyama,2024,21.4,0.565,0.312,-3.2,29.7,20,1
1642358,AJ Johnson,2025,7.6,0.48,0.173,-11.5,22.0,20,0
1641737,Adem Bona,2025,5.8,0.714,0.135,-6.6,15.6,22,0
1642349,Ajay Mitchell,2025,6.5,0.587,0.159,9.7,16.6,23,0
1642024,Alex Reese,2025,5.1,0.641,0.123,5.5,14.4,26,0
1642259,Alex Sarr,2025,13.0,0.482,0.23,-13.7,27.1,20,0
1641810,Antonio Reeves,2025,6.9,0.579,0.183,-10.2,15.0,24,0
1630574,Ariel Hukporti,2025,1.9,0.654,0.113,-12.4,8.7,23,0
1631248,Baylor Scheierman,2025,3.6,0.49,0.143,4.1,12.4,24,0
1642382,Branden Carlson,2025,3.8,0.581,0.185,9.4,7.7,26,0
1642267,Bub Carrington,2025,9.8,0.514,0.154,-15.2,30.0,19,0
1642285,Cam Spencer,2025,4.2,0.587,0.148,6.8,10.1,25,0
1642262,Cody Williams,2025,4.6,0.419,0.122,-15.5,21.2,20,0
1642261,Dalton Knecht,2025,9.1,0.594,0.181,-2.8,19.2,24,0
1641878,Damion Baugh,2025,7.3,0.399,0.186,-22.3,24.7,24,0
1641747,DaRon Holmes II,2026,3.7,0.692,0.171,-3.0,8.4,23,0
1642269,Devin Carter,2025,3.8,0.471,0.169,3.9,11.0,23,0
1641794,Dillon Jones,2025,2.5,0.464,0.131,6.0,10.2,23,0
1642270,Donovan Clingan,2025,6.5,0.574,0.135,0.2,19.8,21,0
1631166,Drew Timme,2025,12.1,0.5,0.205,-12.6,28.2,24,0
1642403,Isaac Jones,2025,3.4,0.678,0.152,-10.5,7.6,24,0
1642268,Isaiah Collier,2025,8.7,0.494,0.186,-10.4,25.9,20,0
1642266,Ja'Kobe Walter,2025,8.6,0.523,0.179,-2.4,21.2,20,0
1642347,Jamal Shead,2025,7.1,0.499,0.179,-7.8,19.6,22,0
1642419,Jamison Battle,2025,7.1,0.59,0.147,-8.4,17.7,24,0
1642272,Jared McCain,2025,15.3,0.589,0.243,-2.1,25.7,21,0
1641740,Jaylen Clark,2025,4.1,0.598,0.115,5.6,13.0,23,0
1642377,Jaylen Wells,2025,10.4,0.56,0.156,4.7,25.9,21,0
1642281,Jaylon Tyson,2025,3.6,0.523,0.164,-0.4,9.6,22,0
1642277,Johnny Furphy,2025,2.1,0.506,0.118,0.6,7.6,20,0
1642367,Jonathan Mogbo,2025,6.2,0.496,0.145,-8.2,20.4,23,0
1642348,Justin Edwards,2025,10.1,0.559,0.165,-11.6,26.2,21,0
1642354,KJ Simpson,2025,7.8,0.437,0.188,-15.4,23.4,22,0
1631255,Karlo Matković,2025,7.7,0.639,0.155,-4.7,18.8,24,0
1630811,Keaton Wallace,2025,5.4,0.503,0.164,-2.2,16.2,26,0
1631232,Keion Brooks Jr.,2025,10.1,0.581,0.169,-20.5,23.7,24,0
1642276,Kel'el Ware,2025,9.3,0.603,0.169,1.9,22.2,21,0
1642874,Danny Wolf,2026,8.9,0.521,0.201,-9.0,20.8,22,0
1642271,Kyle Filipowski,2025,9.6,0.594,0.184,-11.3,21.1,21,0
1642273,Kyshawn George,2025,8.7,0.503,0.156,-10.1,26.5,21,0
1630542,Marcus Bagley,2025,6.7,0.456,0.128,-15.9,25.3,23,0
1641824,Matas Buzelis,2025,8.6,0.571,0.181,-1.7,18.9,20,0
1642468,Darius Brown II,2026,0.0,0.0,0.167,-80.0,2.7,26,0
1642345,Oso Ighodaro,2025,4.2,0.61,0.103,-0.6,17.1,22,0
1641796,Pelle Larsson,2025,4.6,0.546,0.141,2.4,14.2,24,0
1642366,Quinten Post,2025,8.1,0.595,0.197,2.4,16.3,25,0
1641736,Reece Beekman,2025,2.6,0.4,0.122,-12.0,13.0,23,0
1642263,Reed Sheppard,2025,4.4,0.465,0.171,-2.7,12.6,21,0
1642265,Rob Dillingham,2025,4.5,0.503,0.215,1.2,10.5,20,0
1641842,Ronald Holland II,2025,6.4,0.556,0.177,-1.0,15.6,19,0
1642357,David Jones Garcia,2026,2.9,0.579,0.18,23.1,6.2,24,0
1642346,Ryan Dunn,2025,6.9,0.517,0.161,-4.7,19.1,22,0
1642264,Stephon Castle,2025,14.7,0.522,0.253,-4.7,26.7,20,1
1630545,Terrence Shannon Jr.,2025,4.3,0.56,0.166,0.8,10.6,24,0
1642275,Tidjane Salaün,2025,5.9,0.457,0.15,-11.9,20.7,19,0
1641783,Tristan da Silva,2025,7.2,0.522,0.149,-4.2,22.0,24,0
1642278,Tyler Kolek,2025,2.0,0.453,0.152,-0.3,7.2,24,0
1642274,Yves Missi,2025,9.1,0.572,0.141,-12.7,26.8,21,0
1642258,Zaccharie Risacher,2025,12.6,0.558,0.203,-2.7,24.6,20,0
1641744,Zach Edey,2025,9.2,0.624,0.156,5.3,21.5,23,0
1642846,Ace Bailey,2026,13.8,0.533,0.21,-10.7,27.6,19,0
1642380,Adama Bal,2026,10.4,0.573,0.134,-30.3,30.2,22,0
1642876,Adou Thiero,2026,1.9,0.578,0.143,-13.2,6.0,22,0
1642864,Hugo González,2026,3.9,0.561,0.114,11.9,14.6,20,0
1630621,Hunter Dickinson,2026,2.4,0.403,0.162,-35.7,8.5,25,0
1642282,Hunter Sallis,2026,1.0,0.595,0.169,-22.8,3.7,23,0
1642942,Jahmai Mashack,2026,6.2,0.456,0.156,-14.5,21.7,23,0
1643141,Jahmyl Telfort,2026,0.1,0.087,0.093,-8.9,4.0,25,0
1642364,Jamir Watkins,2026,7.4,0.554,0.148,-6.4,20.6,24,0
1642859,Jase Richardson,2026,4.4,0.574,0.162,-0.8,10.9,20,0
1642914,Javon Small,2026,9.7,0.611,0.183,-5.7,20.2,23,0
1631451,Javonte Cooke,2026,1.2,0.275,0.205,-28.6,4.9,26,0
1643257,Jayson Kent,2026,2.0,0.672,0.137,-2.7,4.5,24,0
1642847,Jeremiah Fears,2026,14.3,0.525,0.245,-6.4,25.8,19,0
1642866,Joan Beringer,2026,3.9,0.683,0.156,2.3,7.9,19,0
1642967,John Poulakidas,2026,8.8,0.611,0.153,-2.3,19.5,23,0
1642910,John Tonje,2026,2.5,0.476,0.157,-1.8,7.0,25,0
1641780,Johni Broome,2026,0.9,0.188,0.226,-13.6,5.0,23,0
1642882,Julian Reese,2026,11.8,0.557,0.173,-11.8,30.9,23,0
1642955,Kadary Richmond,2026,8.3,0.722,0.114,4.0,22.3,24,0
1642880,Kam Jones,2026,4.4,0.47,0.141,-10.0,16.7,24,0
1642857,Kasparas Jakučionis,2026,6.2,0.614,0.129,3.0,17.8,20,0
1642933,Keshon Gilbert,2026,4.3,0.564,0.131,-38.1,18.4,23,0
1642863,Khaman Maluach,2026,3.0,0.586,0.142,2.5,8.9,19,0
1642920,Kobe Sanders,2026,7.3,0.597,0.155,0.2,19.9,24,0
1642886,Koby Brea,2026,3.8,0.61,0.203,-4.2,7.0,23,0
1642851,Kon Knueppel,2026,18.5,0.633,0.216,6.2,31.5,20,0
1643018,LJ Cryer,2026,8.2,0.59,0.196,-0.4,16.2,24,0
1642950,Lachlan Olbrich,2026,2.4,0.47,0.125,2.3,9.3,22,0
1643133,Lawson Lovering,2026,7.0,0.574,0.106,-0.1,24.6,23,0
1642862,Liam McNeeley,2026,4.3,0.588,0.144,1.6,11.9,20,0
1631351,Lucas Williamson,2026,10.4,0.465,0.159,-24.5,32.0,27,0
1641869,Malachi Smith,2026,8.3,0.605,0.136,-13.2,23.9,26,0
1641813,Mark Sears,2026,3.1,0.666,0.344,21.4,3.7,24,0
1642917,Max Shulga,2026,0.6,0.394,0.128,-7.6,3.3,24,0
1642875,Maxime Raynaud,2026,12.5,0.619,0.178,-10.9,26.5,23,0
1642877,Micah Peavy,2026,4.3,0.455,0.135,-4.1,15.0,24,0
1642939,Miles Kelly,2026,3.1,0.484,0.144,-5.1,9.6,23,0
1642885,Mohamed Diawara,2026,3.6,0.55,0.169,5.3,9.2,21,0
1630619,Moussa Cisse,2026,4.5,0.564,0.136,0.5,13.9,23,0
1642066,Myron Gardner,2026,3.6,0.606,0.139,8.4,9.1,25,0
1642260,Nikola Topić,2026,5.2,0.489,0.204,-13.7,16.0,20,0
1642363,Nique Clifford,2026,8.6,0.505,0.167,-4.5,25.1,24,0
1642855,Noa Essengue,2026,0.0,0.0,0.188,-111.4,3.0,19,0
1642869,Noah Penda,2026,3.8,0.506,0.14,-3.0,12.8,21,0
1642849,Nolan Traore,2026,8.9,0.479,0.224,-10.5,22.2,20,0
1641807,Norchad Omier,2026,2.8,0.751,0.18,-54.8,3.9,24,0
1642362,Payton Sandfort,2026,8.8,0.63,0.186,-14.0,15.8,23,0
1642853,Rasheer Fleming,2026,4.3,0.517,0.159,6.1,12.2,21,0
1642911,Rocco Zikarsky,2026,2.8,0.717,0.131,6.2,7.3,19,0
1641750,Ryan Kalkbrenner,2026,7.6,0.762,0.113,1.1,21.4,24,0
1642948,Ryan Nembhard,2026,6.6,0.492,0.173,-1.9,19.5,23,0
1642951,Sean Pedulla,2026,1.9,0.433,0.219,-30.0,4.4,23,0
1642883,Sion James,2026,5.4,0.531,0.109,3.3,22.5,23,0
1643007,Taelon Peter,2026,4.5,0.518,0.159,-8.7,13.0,24,0
1643253,Toby Okani,2026,10.0,0.408,0.142,-28.1,36.2,24,0
1642848,Tre Johnson,2026,12.2,0.535,0.22,-11.2,24.0,20,0
1642400,Tristan Enaruna,2026,4.1,0.587,0.16,21.7,9.5,25,0
1631174,Tyler Burton,2026,10.8,0.521,0.18,-22.3,25.6,26,0
1642878,Tyrese Proctor,2026,5.4,0.556,0.214,-0.3,10.9,22,0
1642845,VJ Edgecombe,2026,16.0,0.54,0.196,0.9,35.0,20,0
1642884,Vladislav Goldin,2026,0.8,0.788,0.101,16.3,2.7,25,0
1642383,Walter Clayton Jr.,2026,7.8,0.523,0.181,-9.6,20.4,23,0
1642954,Will Richard,2026,6.4,0.596,0.123,-3.3,20.0,23,0
1642860,Will Riley,2026,10.3,0.548,0.196,-14.1,22.1,20,0
203501,Tim Hardaway Jr.,2014,10.2,0.554,0.187,-6.0,23.2,22,0
1642905,Yang Hansen,2026,2.2,0.413,0.196,-15.1,7.0,21,0
1642949,Yanic Konan Niederhäuser,2026,4.3,0.691,0.153,4.5,10.3,23,0
202738,Isaiah Thomas,2012,11.5,0.574,0.193,-2.3,25.5,23,0
203133,Robbie Hummel,2014,3.4,0.492,0.123,2.5,12.4,25,0
1628021,David Nwaba,2017,6.0,0.611,0.118,1.3,19.9,24,0
1641767,Ben Sheppard,2024,4.4,0.524,0.125,4.7,14.3,22,0
202714,Shelvin Mack,2012,3.6,0.468,0.171,-0.8,12.2,22,0
1641761,Grant Nelson,2026,4.3,0.634,0.222,-9.9,8.8,24,0
