ROY_SEASON,PLAYER_NAME,PLAYER_ID,TEAM_ABBREVIATION,PLAYER_AGE,GP,MIN,PTS,REB,AST,STL,BLK,TOV,FG_PCT,FG3_PCT,FT_PCT,W_PCT,PLUS_MINUS,TS_PCT,USG_PCT,OFF_RATING,DEF_RATING,NET_RATING,AST_PCT,REB_PCT,ADV_OFF_RATING,ADV_DEF_RATING,ADV_NET_RATING,ADV_AST_PCT,ADV_AST_TO,ADV_AST_RATIO,ADV_OREB_PCT,ADV_DREB_PCT,ADV_REB_PCT,ADV_EFG_PCT,ADV_TS_PCT,ADV_USG_PCT,ADV_PACE,ADV_PIE,ADV_TM_TOV_PCT
2009-10,Tyreke Evans,201936,SAC,20,72,37.2,20.1,5.3,5.8,1.5,0.4,3.0,0.458,0.255,0.748,0.319,-4.7,0.529,0.261,102.2,108.4,-6.2,0.268,0.071,102.2,108.4,-6.2,0.268,1.92,20.7,0.024,0.122,0.071,0.473,0.529,0.261,94.85,0.131,10.8
2010-11,Blake Griffin,201933,LAC,22,82,37.9,22.5,12.1,3.8,0.8,0.5,2.7,0.506,0.292,0.642,0.39,-1.8,0.549,0.27,105.9,108.0,-2.2,0.184,0.164,105.9,108.0,-2.2,0.184,1.4,14.1,0.09,0.238,0.164,0.508,0.549,0.27,93.88,0.16,10.1
2011-12,Kyrie Irving,202681,CLE,20,51,30.5,18.5,3.7,5.4,1.1,0.4,3.1,0.469,0.399,0.872,0.333,-3.2,0.566,0.275,104.1,109.8,-5.6,0.324,0.061,104.1,109.8,-5.6,0.324,1.72,21.8,0.027,0.099,0.061,0.517,0.566,0.275,94.31,0.138,12.7
2012-13,Damian Lillard,203081,POR,22,82,38.6,19.0,3.1,6.5,0.9,0.2,3.0,0.429,0.368,0.844,0.402,-0.8,0.546,0.237,106.3,107.8,-1.5,0.28,0.042,106.3,107.8,-1.5,0.28,2.19,24.2,0.014,0.07,0.042,0.501,0.546,0.237,93.14,0.105,11.1
2013-14,Michael Carter-Williams,203487,PHI,22,70,34.5,16.7,6.2,6.3,1.9,0.6,3.5,0.405,0.264,0.703,0.257,-6.4,0.48,0.254,100.9,109.1,-8.2,0.292,0.087,100.9,109.1,-8.2,0.292,1.79,23.1,0.038,0.141,0.087,0.431,0.48,0.254,100.48,0.104,13.0
2014-15,Andrew Wiggins,203952,MIN,20,82,36.2,16.9,4.6,2.1,1.0,0.6,2.2,0.437,0.31,0.76,0.195,-6.7,0.517,0.223,101.5,111.3,-9.7,0.097,0.064,101.5,111.3,-9.7,0.097,0.96,10.0,0.044,0.085,0.064,0.454,0.517,0.223,95.46,0.081,10.4
2015-16,Karl-Anthony Towns,1626157,MIN,20,82,32.0,18.3,10.5,2.0,0.7,1.7,2.2,0.542,0.341,0.811,0.354,-1.6,0.59,0.243,106.8,109.3,-2.5,0.108,0.169,106.8,109.3,-2.5,0.108,0.88,10.0,0.092,0.242,0.169,0.555,0.59,0.243,97.06,0.154,11.4
2016-17,Malcolm Brogdon,1627763,MIL,24,75,26.4,10.2,2.8,4.2,1.1,0.2,1.5,0.457,0.404,0.865,0.507,1.2,0.555,0.182,110.1,107.5,2.6,0.239,0.056,110.1,107.5,2.6,0.239,2.81,28.4,0.025,0.086,0.056,0.518,0.555,0.182,95.51,0.098,10.1
2017-18,Ben Simmons,1627732,PHI,21,81,33.7,15.8,8.1,8.2,1.7,0.9,3.4,0.545,0.0,0.56,0.63,4.8,0.557,0.219,109.5,102.9,6.6,0.362,0.115,109.5,102.9,6.6,0.362,2.38,31.6,0.053,0.171,0.115,0.545,0.557,0.219,101.77,0.154,13.3
2018-19,Luka Dončić,1629029,DAL,20,72,32.2,21.2,7.8,6.0,1.1,0.3,3.4,0.427,0.327,0.713,0.389,-1.6,0.545,0.296,107.6,110.6,-3.1,0.317,0.117,107.6,110.6,-3.1,0.317,1.74,20.7,0.036,0.198,0.117,0.497,0.545,0.296,100.99,0.149,11.9
2019-20,Ja Morant,1629630,MEM,20,67,31.0,17.8,3.9,7.3,0.9,0.3,3.3,0.477,0.335,0.776,0.493,-0.3,0.556,0.256,107.5,108.1,-0.6,0.354,0.059,107.5,108.1,-0.6,0.354,2.22,27.4,0.024,0.09,0.059,0.509,0.556,0.256,103.79,0.13,12.3
2020-21,LaMelo Ball,1630163,CHA,19,51,28.8,15.7,5.9,6.1,1.6,0.4,2.8,0.436,0.352,0.758,0.451,-1.6,0.539,0.247,108.7,111.8,-3.1,0.322,0.1,108.7,111.8,-3.1,0.322,2.16,26.1,0.041,0.161,0.1,0.504,0.539,0.247,103.35,0.121,12.1
2021-22,Scottie Barnes,1630567,TOR,20,74,35.4,15.3,7.5,3.5,1.1,0.7,1.8,0.492,0.301,0.735,0.581,0.9,0.552,0.187,110.2,108.4,1.8,0.15,0.102,110.2,108.4,1.8,0.15,1.88,18.1,0.068,0.141,0.102,0.524,0.552,0.187,97.03,0.109,9.6
2022-23,Paolo Banchero,1631094,ORL,20,72,33.7,20.0,6.9,3.7,0.8,0.5,2.8,0.427,0.298,0.738,0.431,-3.0,0.529,0.272,111.1,115.3,-4.2,0.171,0.104,111.1,115.3,-4.2,0.171,1.35,14.7,0.035,0.174,0.104,0.465,0.529,0.272,100.66,0.108,10.9
2023-24,Chet Holmgren,1631096,OKC,22,82,29.4,16.5,7.9,2.4,0.6,2.3,1.6,0.53,0.37,0.793,0.695,5.2,0.632,0.21,118.2,109.2,9.0,0.112,0.132,118.2,109.2,9.0,0.112,1.53,14.3,0.056,0.198,0.132,0.598,0.632,0.21,102.8,0.133,9.3
